Description,Location,Name,Price,CreatedAt,UpdatedAt,Status,Category,Views,HouseType,LatLng_Lat,LatLng_Lng,Gender
"Pessoal,
Tá vagando um quarto aqui no apartamento pra início de outubro! Apê lindo, tudo novinho, parece uma casinha, mas fica no terceiro andar, com jardim, piscina com sol da manhã, chuveirão, tudo de uso exclusivo nosso.
Fica em Icaraí, na Pres. Backer, proximo ao Campo de São Bento, tem ônibus pro Rio na porta.
O quarto era um closet/escritório, é individual, tem cama e prateleiras. O ambiente da casa é muito legal, tranquilo, criativo, passarinhos, música, comidas. Dividimos as tarefas. Com o novo morador seremos 5 pessoas. 
Não é república, dividimos a casa, juntos. R$ 675,00 mensal, todas as taxas, aluguel, condomínio, IPTU, luz, internet, TV a cabo.
Falem comigo inbox, pfvr.
Não aceitamos bolsominions.  
Beijo!","Icaraí, Niterói - State of Rio de Janeiro, Brazil",Quarto em Icaraí,675,2020-08-31 01:58:09.8710308,2020-08-31 01:58:09.8710308,Deleted,0,44,0,-22.9043971,-43.1093638,0
"Fala, galera!! 

Estamos com uma vaga no nosso apê em Icaraí. São 3 quartos individuais e atualmente temos um livre. 

O apê tá completinho, temos sofá, mesa de jantar, tv, impressora, rede, internet 5g, tudo que possa precisar pra fazer um jantarzão na cozinha, então é só se mudar e morar! 

O quarto em questão tem um armário grande, escrivaninha e ventilador de teto. Há uma cama de solteiro com possibilidade de ficar no quarto, depende do novo morador.

O valor é 785 de aluguel e condomínio + uma média de 120 reais de contas, por isso na descrição da vaga colocamos 900 reais.
Aqui é perto de tudo que possa precisar, comércio, bancos, pontos de ônibus e praia. 

Marca uma visita com a gente e vem conhecer!","Rua Comendador Queirós - Icaraí, Niterói - RJ, Brasil",Quarto Individual em Icaraí,900,2020-09-30 12:33:38.3648503,2020-11-11 04:49:47.3642566,Deleted,0,141,0,-22.9107423,-43.108046,0
"RESIDENCIAL VILLAGE

•Residencial com 45 suítes
• contrato de 3 meses de aluguel.
  - Sem exigência de fiador
  - Sem burocracia
  - Taxa de garantia de 50% do valor do aluguel
   
Suíte equipada com:

• Cama box
• Mesa de estudo
• Cadeira           
• Roupeiro
• Ar condicionado  
• Televisão de led  
• Frigobar
• Banheiro com blindex

Estrutura com:

• Wi-Fi
• Interfone
• Lavanderia 
• Cozinha compartilhada 
  - fogão
  - microondas    
  - forno elétrico      
  - liquidificador  
  - cafeteira 
  - sanduicheira 
• Bicicletário 
• Câmeras 24 horas
• Refeitório / sala de estudo
• Zelador
• Manutenção

 Nossos valores:
 
• Suíte individual
R$ 1100,00 de aluguel  + conta de luz

• Suíte casal
R$ 1.300,00 de aluguel  + conta de luz 

• Suíte dupla
R$ 1.400,00 de aluguel  + conta de luz 

Obs.: à partir de abril voltaremos a ter o valor do condomínio de 100 reais por unidade.

- Cada suíte possui seu próprio medidor.

https://www.facebook.com/residencialvillageniteroi/

https://instagram.com/residencialvillage","Rua General Osório - São Domingos, Niterói - RJ, Brasil",RESIDENCIAL VILLAGE,1100,2020-10-09 01:23:25.1811232,2020-10-09 01:27:04.7349709,Published,0,2517,0,-22.8995575,-43.1301889,0
"Quartos individuais mobiliados com contas inclusas, próximo UFF Plaza shopping estação barcas etc....","Rua General Osório - São Domingos, Niterói - RJ, Brasil",República São Domingos,800,2020-10-09 19:50:09.6813145,2020-12-13 08:16:49.0452618,Inactive,0,183,0,-22.8995575,-43.1301889,0
"Apartamento No Centro de Niterói : Rua Visconde de Itaboraí 1, fica a 3 minutos a pé dos ônibus que vão para o Rio, e a 15 minutos das Barcas!

✅Quartos coletivos para 3 rapazes a partir R$399*(promocional)

✅ Apartamento Mobiliado(não precisa trazer nada)

✅incluso: água, luz, internet, gás, condomínio, aluguel.

✅ Condomínio com: Piscina, Academia, Sauna, Natação, Bar e restaurante exclusivo! Salão de Jogos, Quadra e etc! 

✅ SEM BUROCRACIA, flexibilidade de tempo, sem contratos!

✅ Ambiente Tranquilo, Limpo, Agradável, para quem busca DESCANSO E nas horas vagas LAZER!

*Zelamos por um ambiente tranquilo para quem trabalha/estuda*","Rua Visconde de Itaboraí - Centro, Niterói - RJ, Brasil",Vaga Compartilhada no Centro de Niterói,499,2020-10-14 12:05:57.1645064,2020-10-14 12:16:24.8220128,Published,2,841,0,-22.8863345,-43.1221739,2
"Então, pessoas bonitas, vai vagar um quarto aqui no nosso apartamento. A Vaga é para o quarto de dependência.

Quem Somos:
Eu (Clau), Júlia e João Pedro. Somos amigos dividindo um apartamento. Todos estudamos e ou trabalhamos. Somos pessoas muita de boas, adoramos memes, filmes, música, a nossa privacidade e o respeito a diversidade, por isso nada de bolsominions. Sem regras malucas, o bom senso e o diálogo imperam, por isso, visitas são aceitas dentro do critério do respeito ao espaço do outro e do bom senso. 

O espaço:
O apartamento está localizado no Centro de Niterói. Em frente ao Shopping Bay Market. Temos todos os eletrodomésticos básicos que uma casa precisa (máquina de lavar, fogão, micro-ondas, geladeira, sanduicheira, cafeteira, liquidificador).

A VAGA/VALORES:

- Para não Fumantes;

- Quarto individual 

- Valores: 280,00 aluguel + 200,00 contas = Total 480,00.

Para maiores informações  entrar em contato: whatsapp 21979926517 (Clau) ou in box.","Avenida Visconde do Rio Branco - Centro, Niterói - RJ, Brasil","VAGA - QUARTO INDIVIDUAL - CENTRO, NITERÓI",480,2020-10-14 21:44:36.8647740,2021-03-14 10:09:14.5195161,Deleted,0,1749,0,-22.8913736,-43.1239612,0
"Quarto induvidual em São paulo, bairro Jahuaré, Proximo de tudo. Banheiros coletivos e incluso água, luz , internet , cozinha com fogão,microondas e geladeira, maquina de lavar roupa. Sem burocracia. PAGOU MOROU
Faço diária 50 reais e mensal 1,500 reais
","São Paulo, SP, Brasil",Quarto individual pra mulheres,1500,2020-10-15 00:12:47.3819432,,Inactive,1,1,0,-23.5505199,-46.6333094,1
"Quarto individual para mulheres, apt todo mobiliado em prédio de 15 andares com porteiro 24h. Próximo a mercados, farmácias e academias. Ônibus 49 e 45 deixando na porta de casa. 

Fácil acesso para o Rio de Janeiro e São Gonçalo. Uber chega em menos de 5 minutos. 

Casa tranquila, ideal para estudantes que precisam se concentrar. 

Não recebemos hospedes para dormir. Visita somente para estudar. ","Niterói, RJ, Brasil","700,00",70000,2020-10-19 17:23:23.6090752,,Deleted,0,0,0,-22.8859267,-43.1152587,0
"ALUGO SUÍTE EM NITERÓI
Alugo 1 suíte (quarto com banheiro privado) em casa de vila fechada e familiar no bairro residencial de Santa Rosa/Jardim Icaraí em local privilegiado pelo comércio (mercados, bancos, academias, farmácias, padarias, etc) e tb por linhas de ônibus para todos os lugares. A suíte NÃO ESTÁ MOBILIADA mas possui 2 ventiladores de teto e 15 metros quadrados (fica no andar térreo da casa). O inquilino pode usar a cozinha e área de serviço com tudo que há nelas (louças, panelas, talheres, eletrodomésticos, fogão de 6 bocas, geladeira, máquina de lavar, filtro de água gelada, microondas, forno elétrico, etc). O ALUGUEL por 900,00 cada suíte inclui água, luz e internet. Rachamos o gás de cozinha. São 3 suítes na casa, 3 moradores. Tenho uma vaga (10 metros quadrados) coberta para carro na vila que alugo por 300 reais (10 reais por cada dia do mês). O proprietário garante um ambiente seguro, organizado, tranquilo e limpo.Tratar pelo cel/whats (21) 99618 9579. NÃO É REPÚBLICA. Somente para homens ou mulheres solteiros ocupados durante a semana com trabalho ou estudo (não aceito casais, idosos, fumantes, crianças e animais). Localização: rua Santa Rosa, trecho entre a Domingues de Sá e a Miguel Couto (antes do largo). Perto das faculdades de Farmácia e Veterinária da UFF, do HUAP, do colégio Salesiano e da UNI LASALLE.","Niterói, RJ, Brasil",SUÍTE EM NITERÓI,900,2020-10-19 19:55:06.1190950,2020-10-22 15:29:45.9877692,Published,0,1087,0,-22.8859267,-43.1152587,0
"Alugo um quarto em apto familiar, só mora eu e meu filho de 3 anos, trabalho fora e meu filho fica na creche. Estamos em casa nos fins de semana. ","Catete, Rio de Janeiro - RJ, Brasil",Quarto,700,2020-10-20 09:39:11.4659663,2020-10-20 09:53:55.6175471,Deleted,1,162,0,-22.9279602,-43.1807701,1
"Quarto individual barato e muito bem localizado em um lugar seguro no coração do rio de janeiro
","Rua Mariz e Barros - Maracanã, Rio de Janeiro - RJ, Brasil",Quarto individual,600,2020-10-20 23:50:13.9642563,2020-12-13 08:15:32.1055366,Inactive,2,262,0,-22.9144193,-43.2193136,2
"O Ambiente é ideal para estudantes e ou profissionais que desejam um lugar tranquilo para estudar e ou descansar. Máximo de quarto moradores. Apartamento todo mobiliado e cozinha toda equipada. Próximo a bancos, supermercados, academias e farmácias. 
Não aceitamos hospedes para dormir. ","Rua Desembargador Lima Castro - Fonseca, Niterói - RJ, Brasil",Vaga feminina,700,2020-10-21 00:07:11.8518506,2020-10-21 00:33:27.1117633,Deleted,1,767,0,-22.8855092,-43.0862686,1
"Apartamento ideal para estudantes e ou profissionais que buscam um lugar tranquilo para estudar e ou descansar. A suíte é pequena mas há mesa para estudar no apt. 
Prédio bem localizado, próximo a mercado, farmácia e academias. Fácil acesso para o Rio, SG e centro de Niterói. ","Rua Desembargador Lima Castro - Fonseca, Niterói - RJ, Brasil",Vaga feminina,600,2020-10-21 00:41:57.0812582,2021-04-15 22:58:11.9743717,Inactive,0,825,0,-22.8855092,-43.0862686,0
Quartos individuais mobiliados próximo UFF Plaza shopping estação barcas com contas inclusas,Rio-de-Janeiro,Quartos ,80000,2020-10-25 08:21:12.7615381,,Deleted,0,0,0,-22.9068467,-43.1728965,0
"oie, 

tem um quarto vago no meu apartamento. não é república. são três quartos, uma pessoa em cada quarto. 
moro no Ingá, na Tiradentes. aqui é bem tranquilo. 
sou legal e faço bolinhos. só não pode bichinho! 😕 
o quarto está vazio, essas fotos são do meu.. 

valor R$900 + contas (gira em torno de uns 150 reais).","Rua Tiradentes - Ingá, Niterói - Rio de Janeiro, Brasil",Quarto individual no Ingá ,900,2020-10-31 15:42:28.1790368,2020-10-31 15:52:57.2668899,Published,1,2511,0,-22.9014003,-43.1246191,1
fdgfdgdfg,Rio-de-Janeiro,test1,1200,2020-11-01 04:01:47.7283546,2020-11-16 07:54:47.4832227,Inactive,0,7,0,-22.9068467,-43.1728965,0
"Ofereço Vaga individual na Via Norte, perto do Atacadão. Casa completamente mobiliada. Incluso no valor, aluguel, agua, luz, mobília, wifi.
Entrada para 15 de marco. 
Enteresados mandar whatsapps 16981174810","Ribeirão Preto - SP, Brasil",Quarto individual,550,2020-11-09 00:41:13.8719065,2020-11-09 01:00:06.9514225,Published,0,45,1,-21.1704008,-47.8103238,0
"Quarto suite com cama de casal, escrivaninha, criado mudo, mancebo, luminaria para estudar, abajur.
Se procura alguem que justifique renda, trabalhe e tenha o nome limpo e fique por bastante tempo","Ribeirão Pires, SP, Brasil",Suíte com cama de casal,850,2020-11-09 00:47:49.9989078,2020-11-09 00:59:25.3096892,Deleted,0,494,0,-23.7081651,-46.4042434,0
"Oi pessoas ,tudo bem ? 

Me chamo Mauricio e estou alugando um quarto no meu ap. O ap fica há 2 quadras da praia de icarai ,com comércio de roupas , padarias , farmácias , supermercados , bancos, tudo isso bem próximo . Você consegue fazer tudo a pé . Ponto de ônibus para toda Niterói e RJ a poucos metros.

Pra você que gosta de paz e tranquilidade o ap é bem silencioso. O ap fica na rua Lopes Trovão muito bem localizado, no miolo de icarai!

Procuro pessoas que prezem pela limpeza e organização do ap . 

LGBTQIA+ e anti Bolsonaro ❤️

Aluguel + condomínio + gás + internet : 1000. ( gás encanado e internet de 35 megas com wifi disponível!) 

A Luz como o valor varia com o uso e será dividido para 2. 

A minha intenção é que você se sinta em casa , assim como eu! 

Para mais informações me manda uma mensagem👍🏻","Icaraí, Niterói - Rio de Janeiro, Brasil",Quarto semi mobiliado ,1000,2020-11-09 00:58:48.3920208,2020-11-09 01:23:39.6106784,Published,0,1060,1,-22.9043971,-43.1093638,0
"Loft novinho, pronto para mudar:)
Frigobar, cook top, antena tv, internet 400 mega, mobiliário e decoração. O banheiro e do tamanho de um quarto! Closet equivalente a 12 portas de armário! Mesa de estudo, ar refrigerado split e muito charme. Conutri com área de serviço e cozinha também para uso dos moradores. Uma foto da nossa casa também para conhecerem o lugar que fica no melhor ponto de São Francisco. Quer garantir? $ 1600,00 + condomínio. Passa uma mensagem para gente: 21 98141.9806","sáo francisco, niterói",Loft incrível no melhor ponto de São Francisco!,1600,2020-11-12 16:15:39.4293527,2020-11-12 16:28:08.6033129,Published,1,866,0,-22.9172755,-43.0902716,1
Quartinho de dependência mobiliado com banheiro,"Icaraí, Niterói - RJ, Brasil",Quartinho Dp,65000,2020-11-12 18:01:51.0225969,,Inactive,2,1,1,-22.9043971,-43.1093638,2
"Quarto possui :
Cama, guarda roupa,  mesa, cadeira,  ventilador e ar condicionado ","Ilha do Governador, Rio de Janeiro - RJ, Brasil",Quarto indivídual ,900,2020-11-16 21:32:53.8869648,2020-11-17 00:46:45.7131976,Published,2,1085,0,-22.8052385,-43.2086085,2
"Alugo quarto mobiliado no Engenho Novo, completo com cama, armário, cômoda e internet. Poderá utilizar todas as dependências da casa que estão mobiliadas! procuro uma pessoa sem vícios, tranquila e de boa convivência. Tem comércio próximo e transporte para o centro do Rio na porta do prédio.","Engenho Novo, Rio de Janeiro - RJ, Brasil",Alugo quarto mobiliado,600,2020-11-17 14:39:45.1039787,2020-11-17 18:16:21.7420829,Published,0,1078,1,-22.9081076,-43.2678442,0
"Vagas Masculinas e Femininas. 
Quartos independentes, com acesso pela lateral da casa.  
Fica no Bairro de Fátima quase esquina com a Marques de Paraná
:
Quarto individual de R$700,00 por 550,00
Vaga em Quarto Compartilhado por R$400,00
Com entrada independente por fora da casa e com todas as taxas inclusas. A internet é de 120 megas.
Temos também uma Quitinete Grande com Varandão de R$1200,00 por R$1.000,00 já com todas as taxas também inclusas, inclusive internet.

Ambiente bem familiar. Quintal com árvores frutíferas, churrasqueira, jardim com mesinha e banquinhos para relaxar ouvindo os passarinhos ou para bater um papo com amigos, bem localizado, no miolo de Niterói , fácil acesso a ponte Rio X Niterói, pertinho de Icaraí, 10 min a pé das barcas, duas quadras do mercado Guanabara, padaria  na esquina de casa, farmácia, refeição caseira em frente... um lugar tranquilo com muito verde, animais de estimação, passarinhos cantando... tudo isso bem no centro de Niterói. 
Ambiente de harmonia e aconchego, ideal para estudantes ou pessoas que trabalhem fora.
Interessadas entrar em contato com Rachel pelo número de wpp .
Aceitamos seu amiguinho peludo vacinado.
Sem nenhum tipo de preconceito, respeitando apenas as regras de organização, tranquilidade, harmonia e bem estar comum em primeiro lugar. Não alugamos para bolsominions, somente pessoas que respeitam umas as outras.","Fátima, Niterói - RJ, Brasil",Vila Casa Amarela,400,2020-11-17 20:56:36.4966090,2020-11-18 02:32:00.6703932,Published,0,1137,0,-22.893735,-43.1111531,0
"Nosso apê está com uma vaga de quarto individual pra entrada imediata. Ao todo seremos quatro meninas: Eu, a Mariana, a Talissa e a menina que quiser se juntar a nós. Procuramos uma menina tranquila e organizada. Cada uma tem o seu cantinho no apê e prezamos pela boa convivência e bom senso, sem muitas regras. O prédio fica na Boa Viagem, tem porteiro 24h, academia e um play grande, também fica ao lado do campus Praia vermelha e bem próximo do direito, gragoatá e valonguinho. O quarto já tem um armário planejado bem grande, cama e uma mesinha de cabeceira. O preço da vaga fica em R$1.150,00 e inclui aluguel, condomínino, IPTU e água, ficando de fora só as contas de luz, gás e internet que costumam vir por volta de 90 reais ao todo. Quem tiver interesse, pode falar comigo por inbox.","Rua Edmundo March - Boa Viagem, Niterói - RJ, Brasil",✨VAGA INDIVIDUAL FEMININA✨,1150,2020-11-18 13:42:29.4865808,2021-03-13 04:30:55.1736699,Inactive,1,2205,1,-22.9060048,-43.1311912,1
"Gente, vagou um quarto individual aqui em casa. Fica em Icaraí perto da reitoria da UFF (duas quadras de distância). É o maior quarto da casa, amplo, com ventilador, escrivaninha, cama e guarda-roupa já prontos, só chegar. Caso a pessoa queira personalizar o quarto a seu jeito, não tem problema. O quarto possui internet cabeada (50mb) pra quem gosta de e-sports e precisa de uma internet estável. 
O apartamento fica bem no miolo do bairro, tem padaria embaixo, supermercados, hortifrutis, mercearias, tudo de comércio a menos de um quarteirão de distância. 
Não tem muita regra, exceto as básicas de convívio pra manter a casa organizada.","Rua Doutor Tavares de Macedo - Icaraí, Niterói - RJ, Brasil",Quarto individual em Icaraí,1100,2020-11-19 14:47:00.3478735,2020-11-19 16:20:54.9594710,Deleted,0,972,1,-22.9041926,-43.1116348,0
"Amplo e arejado , quarto mobiliado, tipo home office, localizado em uma grande casa no bairro do Grajaú","Rio de Janeiro, RJ, Brasil",Quarto home office,900,2020-11-21 08:32:47.3858605,,Inactive,0,5,0,-22.9068467,-43.1728965,0
Um imovel para pessoa ficar só com toda privacidade,Rio-de-Janeiro,IndividualÉ,700,2020-11-21 23:46:29.6688287,,Inactive,0,5,1,-22.9068467,-43.1728965,0
"Alugo quarto individual com banheiro compartilhado para rapazes. Bairros:  Guanabara próximo ao Mackienze e Jardim Chapadão próximo a Av Brasil. Imóveis com cozinha compartilhada com geladeira, fogão, microondas e todos os utensílios. Área de serviço comunitária com tanque e máquina de lavar roupas. Casas amplas e confortáveis muito bem localizadas. Internet de 120 mega. Facilidade para varias linhas de onibus. Várias conveniências nas proximidades. Fotos e maiores informações entre em contato por whattsapp.","Campinas, SP, Brasil",Vaga para rapazes,900,2020-11-23 14:03:32.1499240,2020-11-23 14:16:30.6103849,Published,2,169,0,-22.9329252,-47.073845,2
Suite ampla e confortavel em casa toda mobiliada. Casa com garagem disponivel e internet 120 mega com Wi-Fi. Ficamos localizados no bairro Santa Genebra ao lado do Shopping d. Pedro em Campinas. Excelente localização com tudo perto.,"Campinas, SP, Brasil",Suite para publico feminino,1150,2020-11-23 14:17:11.8011994,2020-11-23 14:25:00.1505896,Published,1,171,0,-22.9329252,-47.073845,1
"Alugo quarto individual no Meier, de fundos, sol da manhã, silencioso, ambiente excelente pra quem está estudando, na rua Jacinto, espaçoso, arejado, para moça que trabalhe ou estude fora sem vícios, com Wi-Fi, cama, gaveteiro, armário de quatro portas, espelho, mesa de escritório com cadeira, cozinha equipada com todos os utensílios, lavanderia com máquina de lavar, podendo cozinhar e lavar roupa, perto do Centro Cultural João Nogueira, cinema Imperator, academia Smart Fit, Shopping, farmácia Pacheco, padaria Rainha do Meier, ponto nobre do bairro, transporte e comercio na porta.

650,00 + dividir contas

Zap: (21) 98775-9204","Rua Jacinto - Méier, Rio de Janeiro - RJ, Brasil",Alugo quarto individual para moças no Meier,650,2020-11-23 22:00:10.3434350,2020-11-24 00:24:28.1352009,Published,1,998,1,-22.9033436,-43.2813691,1
"ou professor da UFRJ e busco alguém para dividir casa na Ilha do Governador no Bairro Portuguesa em frente ao MC Donalds.
Se trata de uma suíte mobiliada, com sala de estudos, closet e banheiro grande sendo um andar inteiro da casa) no valor de R$ 1100,00 o valor esta incluso água e internet Fibra, apenas será dividido o valor da luz.
A casa fica em condomínio fechado possui um terraço com área para churrasco e academia e cozinha.
Uma cozinha grande com microondas, geladeira, forno elétrico, pena elétrica para arroz e sanduicheira.
Mesa grande de jantar e o sofá será comprado no começo do mês de dezembro.
Não tenho preconceitos e a comunidade LGBT é muito bem vinda.","Ilha do Governador, Rio de Janeiro - RJ, Brasil",Suíte com sala de estudos e closet,1100,2020-11-25 16:21:19.8112944,2020-11-25 16:28:30.4906963,Published,0,897,0,-22.8052385,-43.2086085,0
"Alugo Quarto individual taxas inclusas internet, cozinha, lavanderia, banheiro, pode receber visita
Rua saint roman essa rua começa em Copacabana e termina em Ipanema","Copacabana, Rio de Janeiro - RJ, Brasil",Alugo Quarto individual Copacabana ,800,2020-11-26 00:39:10.2383894,2020-11-26 00:46:41.1721239,Deleted,0,1048,0,-22.9694417,-43.1868448,0
2 quartos mobiliados para locação sendo 1 suíte,"Taboão da Serra, SP, Brasil",Quarto para locação próximo ao Shopping Taboão,1200,2020-11-26 17:25:37.4857175,2020-11-26 17:33:57.6636504,Published,0,671,1,-23.6228759,-46.7816647,0
"Ola pessoal!!!
Temos quartos ao lado do metro liberdade. 
Quartos individuais em República. 
Mobiliados com cama e guarda roupa de solteiro. 
Banheiros Cozinha (equipada) e lavanderia (máquina de lavar) Coletivos. Próximo ao hospital Leforte, mercados, padarias e drogarias .
 A partir 430 incluso água luz e WI-FI.
Rua Barão de iguape 608
11 944990878","São Paulo, SP, Brasil",Aluguel de quartos em república ,430,2020-11-27 13:49:10.1752659,2020-11-27 14:02:37.1786988,Published,0,891,0,-23.5505199,-46.6333094,0
Kitnet vila familiar  muito segura toda nova reformada ,"Rua Basílio de Brito - Cachambi, Rio de Janeiro - RJ, Brasil",Kitnet vila,1000,2020-11-27 22:33:14.5609586,,Inactive,0,0,0,-22.8891699,-43.270174,0
"suite completa inga, aceitamos fumantes possuimos quadram poliesportiva","Ingá, Niterói - RJ, Brasil","Suite Ingá 1200,00",1200,2020-11-28 13:59:00.5267135,,Inactive,0,0,1,-22.9038413,-43.1222477,0
"Fala Pessoal;

Tenho 1 quarto individual masculino. 

Apartamento super bem equipado, todo mobiliado, com máquina de lavar, microondas, armários, geladeira,utensílios de cozinha, mesa e Internet - Wi Fi e faxineira 4 vezes ao mês.

Só entrar e morar.

* O Condomínio Chacará do Ingá; com portaria 24hrs, piscina e play em um lugar seguro e muito bem localizado em Niterói.

O Condomínio é perto de supermercados, farmácias, lanchonetes, padarias, principais Bancos ,academias, pontos de ônibus para outros bairros de Niterói e para o RJ também, perto das faculdades ''UFFS'' ,e as demais, e uns 7 minutos a pé do Plazza Shopping e uma quadra da praia, pertinho do MAC.

Ótima Localização.

OBS 1: Permitido receber visitas, mas é claro exige a lei do bom senso e o respeito com todos, ambiente super tranquilo, e sem regras malucas. Um ambiente super tranquilo para estudar, e ótimo para se morar.

Marque sua visita, venha conhecer.

Qualquer dúvida ou maiores informações só falar comigo inbox ou whats (21) 96550-0103 Obrigado","Rua Justina Bulhões - Ingá, Niterói - RJ, Brasil",Quarto Individual Masculino,900,2020-11-28 14:59:29.1885506,2020-11-28 15:07:20.4129342,Deleted,2,427,1,-22.9037811,-43.1210328,2
123,Rio-de-Janeiro,test1,1000,2020-12-02 05:42:44.1219395,2020-12-06 17:22:06.6171797,Deleted,0,4,0,-22.9068467,-43.1728965,0
"Um lugar tranquilo, um condomínio universitário que deseja silêncio, paz e sossego para  concluir seus estudos.","Niterói, RJ, Brasil",Apartamento mobiliado e Suíte mobiliada - Vaga para moças,1000,2020-12-02 17:07:20.9957792,2020-12-02 17:21:17.3669796,Published,0,2309,1,-22.8859267,-43.1152587,0
"Olá ,no começo do próximo mês teremos um quarto disponível na nossa casa a 5 minutos do metro Ana Rosa e a casa fica na rua do bar Veloso .

A casa está toda mobiliada ,aconchegante temos varanda frontal com rede e churrasqueira e pátio .

# quarto sem janela #

O quarto está mobiliado com cama box de casal,guarda roupa e escrivaninha .","Rua Conceição Veloso - Vila Mariana, São Paulo - SP, Brasil",Quarto individual metro Ana Rosa ,1020,2020-12-02 20:54:10.1626911,2020-12-02 21:04:14.3534457,Published,0,783,0,-23.584856,-46.6349608,0
"Olá ,estamos com quarto disponível no nosso apartamento de meninas a 5 minutos do metro paraiso .

O prédio possui portaria 24 horas e elevador ,e fica na rua Apeninos e nas proximidades temos faculdade Unip ,restaurantes,padarias ,supermercado.

O apartamento está todo mobiliado,quarto possui boa iluminação,espaçoso e está mobiliado com cama box de casal e guarda roupa .

O apartamento possui dois quartos ,temos só um quarto disponível .","Rua Apeninos - Liberdade, São Paulo - SP, Brasil",Quarto individual metro paraiso ,1300,2020-12-02 21:11:44.2601965,2020-12-02 21:14:50.1164330,Published,0,782,1,-23.5727455,-46.6392097,0
"Quartos individuais,  região de excelente padrão prox ao Centro,  Mackenzie,  Puc, shopping, mercados, botecos,  padarias, etc
Prox metrô marechal Deodoro (9 minutos a pé até metrô e 10 minutos de metrô até Av Paulista).
República para jovens e estudantes,  sistema pagou morou. A partir de 550,00 mensais. Contato 11952796037","São Paulo, SP, Brasil","Higienópolis,  quartos individuais ",550,2020-12-02 21:12:58.6365263,2020-12-02 21:21:58.5333412,Published,0,881,0,-23.5505199,-46.6333094,0
Suite completa em Copacabana ,"Copacabana, Rio de Janeiro - RJ, Brasil",Suite em Copacabana ,1800,2020-12-03 15:45:48.3139776,2020-12-03 15:57:18.5991370,Published,1,868,1,-22.9694417,-43.1868448,1
"Olá, alugo um quarto individual no meu apartamento pra entrada imediata. procuro uma menina tranquila e organizada. prezo pela boa convivência e bom senso, sem regras malucas.

o quarto já tem cortinas, uma cama de solteiro, e um criado mudo. o apartamento já está todo mobiliado.  

O Condomínio é perto de Supermercados, Farmácias, Padaria ,Restaurantes, Bancos e Academia.
Tem pontos de vans e ônibus .

Valor: 600,00 com todas as contas inclusas, que são Luz ,Wi-FI, gás e Condomínio.

OBS: não pode animais.

Qualquer dúvidas chamar no inbox

Obrigada!","Curicica - Jacarepaguá, Rio de Janeiro - RJ, Brasil",VAGA INDIVIDUAL FEMININA,600,2020-12-04 00:06:35.2641485,2021-01-15 13:20:35.9933048,Deleted,1,1799,1,-22.9501487,-43.390541,1
"VAGAS EM REPUBLICA NA CIDADE UNIVERSITÁRIA - (BARÃO GERALDO )

* Casa Toda Mobiliada 
*Quarto individual com cama, ou suite para duas pessoas.
*Ampla sala de estar e sala de jantar com mesa, cadeiras, sofá e armário.
*Cozinha com panelas, copos, talheres, 2 geladeiras, Micro-ondas, cafeteiras, filtro purificador de agua e fogão.
*Lavanderia com tanque e máquina de lavar
*Banheiro coletivo e individual (Suite)
*Excelente Lugar Arborizado, Perto de Tudo (Supermercados /Bancos/ etc).
*Vagas de garagem
Fica na Rua: Catharina Signori Vicentim  

Contato  (19) 9 9293-6242 com Joel
","Rua Catharina Signori Vicentin - Cidade Universitária, Campinas - SP, Brasil",VAGAS EM REPUBLICA NA CIDADE UNIVERSITÁRIA - (BARÃO GERALDO ),0,2020-12-04 01:08:21.1840296,2020-12-04 01:17:44.3213974,Published,2,224,0,-22.8249687,-47.0758795,2
"Alugo suite individual no inga, com vc serão três meninas dividindo um imóvel, cada uma em sua suite. 800.09( água, luz e internet inclusos)","Ingá, Niterói - RJ, Brasil",Suite individual feminina,800,2020-12-04 22:55:28.9193275,2020-12-05 00:49:50.4945552,Published,1,1012,0,-22.9038413,-43.1222477,1
qqwwdqd,Rio-de-Janeiro,ewqeqwe,123,2020-12-05 01:48:17.5986678,,Inactive,0,4,0,-22.9068467,-43.1728965,0
fddfdffd,Rio-de-Janeiro,dffddfdf,1000,2020-12-06 17:07:25.8219937,,Deleted,0,1,0,-22.9068467,-43.1728965,0
asdd,Rio-de-Janeiro,asdasdas,1000,2020-12-06 21:35:11.3317228,,Deleted,0,0,0,-22.9068467,-43.1728965,0
sdfdsfsdf,Rio-de-Janeiro,test1,1000,2020-12-07 19:55:11.0458435,2020-12-07 20:31:55.1204125,Inactive,0,1,0,-22.9068467,-43.1728965,0
"Vaga feminina em quarto compartilhado em Botafogo, ao lado do metrô.  
Localizado na rua São Clemente, N°107a, próximo a bares, restaurantes, supermercados, ao lado do metrô e bem próximo do Botafogo Praia Shopping. Quarto mobiliado com cama, escrivaninha, cadeira e armários. Procura-se pessoa responsável e organizada. O quarto será dividido como menina tranquila, estudante universitária e que  nesse período de pandemia  quase não tem ficado no apê, por isso precisa-se de alguém confiável.
O apartamento tem mais 2 inquilinos em quartos individuais e as áreas comuns são compartilhadas. O banheiro possui chuveiro a gás e o apartamento também é mobiliado, é só entrar. 
Somos bem tranquilos, gente boa, todos estudantes universitários, e não temos regras malucas, prezamos apenas pelo bom senso e educação de cada um.
O valor é R$ 500,00 + contas (que dão em torno de R$ 100,00, raramente passa disso), o pagamento do aluguel é feito sempre no dia 10. O quarto estará disponível no dia 11 de janeiro.
Não é necessário calção, é só pagar o mês e entrar, mas é obrigatório avisar com UM MÊS de antecedência caso precise deixar o apartamento.  
Contato pelo Whatsapp: 21 99380-4835 - Tainá","Botafogo, Rio de Janeiro - RJ, Brasil",Vaga Feminina em Quarto Duplo - Botafogo,500,2020-12-07 22:19:12.7105633,2020-12-07 22:27:01.2032301,Deleted,1,228,1,-22.9511931,-43.1807842,1
"Que seja organizada  
Fácil acesso p tudo ","São Paulo, SP, Brasil",P moças ,850,2020-12-07 22:49:56.7303027,2020-12-07 22:58:55.7337853,Published,1,794,1,-23.5505199,-46.6333094,1
"Sou personal trainer super de bem com a vida...Moro em um apartamento em frente ao metrô Jabaquara lugar maravilhoso com tudo perto. Estou procurando um mulher do bem para dividir comigo  1400 para cada. Aluguel,condomínio,luz,net e gás. 
Tem piscina, academia, portarias 24 horas.
Rua das grumixamas, vila parque Jabaquara ","Rua das Grumixamas - Parque Jabaquara, São Paulo - SP, Brasil","Dividir apartamento - Arujá, SP",1400,2020-12-07 23:54:52.4225779,2020-12-08 01:24:30.3902499,Published,1,696,1,-23.6493969,-46.6456809,1
"Quarto em ap na tijuca, em ap mobiliado 600 R$ + contas","Tijuca, Rio de Janeiro - RJ, Brasil",Quarto na Tijuca ,600,2020-12-08 18:44:37.6859278,2020-12-08 18:50:05.2903974,Published,0,1176,1,-22.9325728,-43.2410248,0
"Quarto mt bom, com ar-condicionado e armorio. Cozinha comleta e sala de estar compartlihada.","Copacabana, Rio de Janeiro - RJ, Brasil",Alugo 3 quartos em Copacabana,1500,2020-12-08 22:48:12.6733295,2020-12-08 23:07:09.7204013,Published,0,1045,1,-22.9694417,-43.1868448,0
retetrt,Rio-de-Janeiro,rewrrtrt,1000,2020-12-09 23:05:09.9614543,2020-12-09 23:12:01.5942481,Deleted,0,1,0,-22.9068467,-43.1728965,0
xczxczcxz,Rio-de-Janeiro,xcz\zcz,1000,2020-12-09 23:55:05.8853210,2020-12-09 23:56:57.7634858,Deleted,0,1,0,-22.9068467,-43.1728965,0
"Temos 2 quartos individuais disponíveis (de R$1.300,00 a R$1.500,00), com estrutura para estudo ou trabalho. 

Imóvel localizado em uma rua com vizinhança tranquila e com internet. Uma residência familiar, próxima das faculdades ESPM e Belas Artes, dos metrôs Vila Mariana e Ana Rosa e do Parque do Ibirapuera. 

Ótima opção para quem procura quartos individuais com ótima localização e tranquilidade.","Vila Mariana, São Paulo - SP, Brasil",Quarto Individual | Vila Mariana,1300,2020-12-10 14:38:20.0692334,2020-12-10 14:52:52.3143299,Published,0,733,0,-23.589702,-46.6346381,0
"R$ 1.050,00 com todos os gastos inclusos (aluguel, condomínio e conta de água)
ALUGO Apto super bem localizado, no Centro do Rio, Lapa. Perto de tudo: bancos, supermercados, feiras, academias, vasto comércio e muitas opções de transporte. Ponto de ônibus na porta.
Edifício seguro, com portaria e porteiro 24h. Apartamento reformado, de frente e luminoso. Com instalação de ar condicionado e de máquina de lavar.
Direto com o proprietário. Aceito Depósito em Garantia.
Aluguel R$ 1.050,00 com todos os gastos inclusos. Disponibilidade imediata! Para marcar visita entre em contato por: Whatsapp (21) 99674-5209 ou Telefone (21) 2232-3267

","Rua dos Inválidos - Centro, Rio de Janeiro - Estado de Río de Janeiro, Brasil","Conjugado, Lapa - Centro",1050,2020-12-10 15:26:25.3912816,2020-12-15 10:12:13.3901193,Published,0,1270,1,-22.9108201,-43.1851605,0
"Alugo quarto para pessoas de boa vibe, que tenham organização.
A casa é bem grande não precisa se limitar ao quarto.
Regras de convivência serão o bom senso e limpeza, todos se respeitando.
Temos todos os moveis e utensílios.
Espaço ao ar livre
garagem
plantas
pode cozinhar, lavar roupas e secar.
ouvir musica, tocar violão, fazer exercícios,  enfim um LAR .
Respeitar o COVID 19 é uma super regra de convivência..
Alguém que queira morar numa casa, próximo ao metrô 4 ruas, ônibus para zona norte zona sul e zona oeste 

contas inclusas -  só ar condicionado conta excedente da conta de luz  paga por fora quando usar.

objetivo é viver em Paz em um lar...","Tijuca, Rio de Janeiro - RJ, Brasil",ALUGO QUARTOS TENHO 2 - 1 EXTERNO (LOFT) - 1 INTERNO ,1200,2020-12-11 01:01:10.8085460,2020-12-12 15:47:08.1584290,Published,0,1055,0,-22.9325728,-43.2410248,0
"QUARTO  INDIVIDUAL FEMININO NA TIJUCA.
EM FRENTE AO BATALHÃO DO EXÉRCITO: A 5 MIN. DO SHOPPING TIJUCA E A 7 KIN. DO METRÔ SAENS PENA.
INCLUSOS,: ALUGUEL; IPTU; CONDOMÍNIO; GÁS; TV A CABO; WIFI E FAXINA SEMANAL NAS ÁREAS COMUNS DO IMÓVEL.
VISITAS PERMITIDAS COM MODERAÇÃO E BOM SENSO.
INFORMAÇÕES ADICIONAIS - WHATSAPP: (21) 99138-9060. LUIZ FERNANDO.","Rio de Janeiro, RJ, Brasil",ALUGO QUARTO INDIVIDUAL NA TIJUCA !,790,2020-12-11 01:14:33.0986672,2020-12-29 13:25:53.9337473,Inactive,1,328,0,-22.9068467,-43.1728965,1
"Alugo QUARTOS Individuais MOBILIADOS no butantã próximo ao metrô Butantã e USP, Cozinha e lavanderia compartilhada e banheiros 
Valor 550 incluso agua Luz e Internet 
Zap 11983746459 Ricardo ","Butantã, São Paulo - SP, Brasil",QUARTO MOBILIADOS NO BUTANTÃ ,550,2020-12-11 08:21:57.9531333,2020-12-11 08:38:07.1183929,Published,0,749,0,-23.5634872,-46.7210095,0
"Alugo quarto individual, de frente, bem arejado, rua tranquila.

NÃO FUMANTE!

POR FAVOR, Pessoas do BEM, boa energia, e com MUITO BOM SENSO!!! Não se trata de República, tem apenas 2 pessoas, que moram no mesmo apartamento. Pode utilizar também a sala e cozinha.

Cama de casal com colchão ortopédico, ventilador de teto, armário e wifi, Velocidade 200MG

Tem que gostar de Pet! 💖

Próximo ao Copacabana Palace, 1 quadra da praia e 1 quadra do metrô da Praça Cardeal Arcoverde. Vasto comércio.😍😍😍
","Rio de Janeiro, RJ, Brasil",Quarto Individual em Copacabana,1250,2020-12-12 00:05:02.8456796,2020-12-12 00:20:10.6070423,Published,1,1282,1,-22.9068467,-43.1728965,1
sdad sadsa sda,Rio-de-Janeiro,test,1000,2020-12-14 14:56:41.7657439,2020-12-14 15:01:59.9669695,Deleted,2,2,1,-22.9068467,-43.1728965,2
"Casa em vila pequena, 3 andares muito espaço perto de tudo lugar familiar e acolhedor. O preço já inclui todas as taxas.","Niterói, RJ, Brasil",Pensionato Feminino,400,2020-12-16 16:13:17.0917218,2020-12-17 04:17:14.2227512,Published,1,795,0,-22.8859267,-43.1152587,1
kjlkjll,Rio-de-Janeiro,kjkjkj,1000,2020-12-17 20:23:16.4465479,,Deleted,0,3,0,-22.9068467,-43.1728965,0
"🙋🏼‍♀️Olá bem caloroso a você me chamo Patrícia do Conexão Hostel, prazer🙏🏻🌻 
Gostaria de avisar à você  interessado em vagas compartilhada que estamos aberto e funcionando para lhe receber.

Estamos pertinho do metrô São Bento, Galeria do Rock, Mercado Municipal, shopping Light, do lado da 25 de Março e Santa Efigênia. 

O ambiente é simplesmente familiar e acolhedor, São assim que as pessoas que ficam aqui conosco se sentem, porque gostamos de morar e conhecer pessoas novas  e do bem e que curte dividir sua companhia e sua amizade com outras pessoas no mesmo ambiente. 🥰🌻😇
Nosso lema é Paz Amor e Reciprocidade Sempre 🙏🏻🌻❤️🦋🙌🏻

Veja As Formas de Estadias Que Melhor Lhe Agrada:
Mensal: R$ 500
Quinzena: R$ 300
Semana: R$175
Diária: R$30

Adoraríamos lhe conhecer, segue nosso WhatsApp:(11)93290-7966","Rua Brigadeiro Tobias - Centro Histórico de São Paulo, São Paulo - SP, Brasil","Diárias R$30,  Hostel, República, Alojamento, C WiFi, 5min do Metrô São Bento ",30,2020-12-20 13:39:16.1352268,2020-12-20 14:37:47.7641507,Published,2,464,1,-23.539384,-46.6350407,2
"Temos vagas para moças em quarto INDIVIDUAL ou quartos duplo em apt na Pelinca próximo do IFF, Isecensa, Universo , UCAM e Cursinhos ( Foco, Alpha, PH ...).
Prédio com 2 apts de 3 quartos cada somente para moças .
Quarto  com camas box, guarda roupa individual, escrivaninha e cortina.
Copa com estante, geladeira e mesa paras refeições.
Cozinha com fogão, microondas, liquidificador, sanduicheira, cafeteira .
Valor fixo por mês com todas contas inclusas e  wi fi incluindo manutenção.
Venha nos fazer 🙋🏽‍♀️🙋🏻‍♀️
Contato (22)997722063 Lídia Toledo
Valor promocional no período de Pandemia!!","Parque Avenida Pelinca, Campos dos Goytacazes - RJ, Brasil",Vaga para moças em quarto individual na Pelinca em Campos dos Goytacazes,600,2020-12-21 02:05:19.5063544,2021-01-04 12:26:43.9669771,Published,1,274,1,-21.7604812,-41.3320547,1
"Hey...Já se imaginou morando em um Apartamento Temático? É isso mesmo! A GKS Studios criou um Ambiente mágico e divertido pra toda família. Se você acredita em Magia, este é o lugar certo pra Você!
A Sala de Estar do GKS Castle, inclui uma TV de 47’’ e um Sofá embutido, para transformar-se em seu Cinema 3D particular. 
Já a Sala de Jantar possui uma Temática Medieval, com 3 Cenários de Iluminação, um Aquário de Parede, Cardápio e Canecas Interativas (Opcional) para se divertir com toda a Família
Além disso, Você ainda você terá a Experiência do Castle Bar, com um Balcão temático e Som Ambiente para curtir seus Drinks ao seu Som favorito com os Amigos. 
Já a Cozinha do Castle Flat, vem com Geladeira Frost Free, Fogão, Liquidificador, Chaleira e Torradeira Elétrica, Sanduicheira,  Armários Embutidos, Copos, Pratos e Talheres Provençais. Tudo pronto, pra você só chegar e Cozinhar! 
A Lavanderia por sua vez, além de já possuir uma Máquina de Lavar, irá transformar-se também em sua área de relaxamento, com uma Fonte de Água, Deck de Madeira e uma Banheira para suas Crianças curtirem dias Quentes de Verão e noites Frias de Inverno.  
O Banheiro, é claro que também é todo medieval, com uma parede toda espelhada, deck antiderrapante e piso 3D
O Quarto de Hóspedes possui Guarda-Roupas, Cama de Solteiro e pode ser adaptado também para virar seu Home Office, com uma Mesa para Computador e Quadro Branco
Já no Corredor, você tem uma amostras das Soluções da GKS Studios, como o Quadro Vivo, o Mensageiro e a Lua Mágica. 
E chegando no Quarto de Casal você irá se deparar com outro Universo, “O Nascer da Lua”representando a próxima Temporada da GKS Studios...Com uma Cama King Size, Guarda-Roupa para Casal, Criado Mudo e um Telão Elétrico para seu Projetor. E aí, gostou? Então o que está esperando? venha fazer parte da Família GKS você também!
","Rua Antônio Júlio dos Santos - Fazenda Morumbi, São Paulo, Brasil","APARTAMENTO TEMÁTICO GKS CASTLE - MORUMBI, SP",1500,2020-12-22 14:55:52.4042703,2020-12-22 16:05:47.2361188,Published,0,738,1,-23.608736,-46.7255864,0
"[ALUGA-SE QUARTO INDIVIDUAL] - Bela Vista

Olá, meninas!

Temos uma vaga feminina para entrada a partir de 20 de janeiro.
Não somos república! Moraríamos em 3 no total, cada uma com seu quarto.

Estamos localizadas na Bela Vista, há três quarteirões da estação Brigadeiro e há 10 minutinhos a pé da São Joaquim. Temos de TUDO aqui perto: mercados, padarias, shoppings, academias, restaurantes, samba da treze, Mundo Pensante (mas esses últimos só pra depois da pandemia hehe). Basicamente, tem o que for pra todo tipo de gosto e tudo no máximo 20min a pé.

O apartamento é grande, bem aconchegante, com 3 quartos, 1 banheiro completo, 2 lavabos, quartinho de bagunça e sala, cozinha e área de serviço com tudo que é preciso.

O aluguel + condo + IPTU fica em torno de R$ 1200 e as contas uma média de R$ 150 para cada.

Fiquem à vontade para me chamar no privado, temos um vídeo do apartamento que posso mandar no privado. Por conta da pandemia, nossa ideia é, inicialmente, fazer uma ligação por vídeo para nos conhecermos e fazer um tour virtual.

Obs: No quarto ficará apenas a cama que está nas fotos. 

Muito obrigada!",São Paulo,Aluguel quarto individual feminino - Bela Vista,1200,2020-12-23 02:30:30.5458030,2021-01-04 23:31:22.4437799,Deleted,1,71,1,-23.5505199,-46.6333094,1
"ola Tenho 1 quarto disponivel,  espaçoso com  banheiro privativo , cama nova , armario novo nunca utilizados, localizado no bairro do Planalto Paulista em rua arborizada e silenciosa com vigia noturno,a 15 min do metro praca da arvore a pe, e acesso a 100 metros de conduçao,ao lado de Moema , proximo ao aeroporto de congonhas e parque do Ibirapuera, situado paralela a av indianopolis. Sem Condominio - Iptu incluso.
quarto: Com cama box de casal , armario , criado mudo e abajur
incluso: agua, luz  Wi Fi
Não possui estacionamento 
Não há necessidade de depósito como garantia 
valor R$1000 mes para 1 pessoa ","Av. Piassanguaba - Planalto Paulista, São Paulo - SP, Brasil",Aluguel de quarto em vila tranquila,1000,2020-12-23 03:14:21.6870213,2020-12-23 03:25:50.3927807,Deleted,0,637,0,-23.6158458,-46.6468528,0
"*.*.*.*.*  VAGA FEMININA  *.*.*.*.*

Aluguel de um quarto e banheiro, com direito a usar todo o AP 

Estrada dos bandeirantes, 2min da portaria 1 da Globo, próximo a comércios e supermercados, ponto de ônibus na porta do condomínio (20min da praia, 10min do shopping, 5min do Rio Centro)
Condomínio fechado, elevadores, portaria 24h, piscina, salão de festa, churrasqueiras, academia.
 

*O quarto  vem com armários planejados, prateleiras, cama de solteiro, ventilador de teto.  

*O banheiro é  social e será  de uso exclusivo  da menina que alugar.

*Ap todo mobilhado, com varanda ampla, 17° andar, vista livre.

*aceito visitas (com bom senso)

*aceito animais pequeno porte. (Obs.! Não  aceito animais em cima de móveis como mesa ou balcão  da cozinha) 


Quero alguém para dividir as contas e que seja uma amiga para compartilharmos os momentos que estivermos juntas no AP.
Valor 950,00  +   divisão  das contas (água, luz, gás e condomínio, internet)

Sem regras malucas

**Disponível a partir  março**

","Estrada dos Bandeirantes - Jacarepaguá, Rio de Janeiro - RJ, Brasil",Vaga FEMININA ,950,2020-12-27 00:00:03.3157088,2020-12-27 00:08:43.5434569,Published,1,1416,1,-22.9662869,-43.4117708,1
"Alugo Suite mobiliado em Copacabana rua saint roman 167 taxas inclusas internet, cozinha, lavanderia, banheiro, pode receber visita 995691995",Rio-de-Janeiro,Alugo Suite mobiliado em Copacabana taxas inclusas ,1000,2020-12-27 14:35:49.3091727,2020-12-27 14:39:02.4916702,Deleted,0,1366,0,-22.9068467,-43.1728965,0
"Alugo Quarto individual taxas inclusas internet, cozinha, lavanderia, banheiro, pode receber visita na rua saint roman 167 essa rua começa em Copacabana e termina em Ipanema  995691995",Rio-de-Janeiro,Alugo Quarto individual taxas inclusas Copacabana ,900,2020-12-27 14:39:43.3643575,2020-12-27 14:43:35.8834431,Deleted,0,955,0,-22.9068467,-43.1728965,0
"Alugo Quarto individual 700 taxas inclusas internet, cozinha, lavanderia, banheiro, pode receber visita na rua saint roman 167 essa rua começa em Copacabana e termina em Ipanema 995691995",Rio-de-Janeiro,Alugo Quarto individual 700 taxas inclusas Copacabana ,700,2020-12-27 14:43:54.9440528,2020-12-27 14:46:37.8338965,Deleted,0,882,0,-22.9068467,-43.1728965,0
700+ contas( uns 200 por mês),"Botafogo, Rio de Janeiro - RJ, Brasil",Dependência,700,2020-12-28 03:09:49.8504211,2020-12-28 05:24:45.7092003,Published,1,918,1,-22.9511931,-43.1807842,1
"Bom dia, gostaria de saber se você pudesse dar uma olhada nos nossos anúncios e se interessar, gostaríamos que nos visitássemos .

Suíte com closet, smart tv 42"", ar condicionado( caso queira usar haverá um acordo devido o aumento da conta de luz), wifi 240 megas, ventilador de teto.

Possui garagem dentro do prédio

diarista de 15 em 15 dias para limpeza da área em comum

Permitido o uso de todas as áreas em comum.

Permitido fumar apenas no quarto.

Pontos turísticos: Corcovado 1,9 km, Aterro 1,5 km, Pão de Açúcar 6,0 km, Copacabana 6,0 km

Transportes próximos: Metrô L. do Machado 1 km, ponto de taxi em frente ao prédio, ponto de ônibus 100metros.

Em um raio de 300m:
  3 Supermercados
  2 Hortifrútis
  3 Farmácias
  1 Papelaria

OBS: casal terá um adicional de R$600,00


","Rua das Laranjeiras - Laranjeiras, Rio de Janeiro - RJ, Brasil",Suíte em laranjeiras com vaga na garagem contas incluídas no valor solteiro - (aceitamos casal com um adicional R$600.00),1900,2020-12-28 12:46:10.4254543,2021-08-12 11:26:39.4321389,Published,0,496,1,-22.934498,-43.1875152,0
"Quarto com cama casal, armário, smart tv 42 4k, AR CONDICIONADO SEM LIMITE DE TEMPO PARA O USO, wifi 120 megas, directv go, e ventilador de teto. 

Empregada uma vez por semana responsável pela limpeza roupas

Permitido o uso de todas as áreas em comum.

Banheiro compartilhado.

Permitido fumar apenas no quarto.

Pontos turísticos: Corcovado 1,9 km, Aterro 1,5 km, Pão de Açúcar 6,0 km, Copacabana 6,0 km

Transportes próximos: Metrô L. do Machado 1 km, ponto de taxi em frente ao prédio, ponto de ônibus 100metros.

Em um raio de 300m:
3 Supermercados
2 Hortifrútis
3 Farmácias
1 Papelaria
1 Padaria","Rua das Laranjeiras - Laranjeiras, Rio de Janeiro - RJ, Brasil",Quarto em laranjeiras com contas inclusas - aceitamos casal ou solteiro,2200,2020-12-28 13:08:20.2226860,2021-05-09 17:32:34.8038529,Inactive,0,806,1,-22.934498,-43.1875152,0
"Tá procurando um cantinho pra chamar de seu no coração de Ipanema? Então vc chegou no anúncio certo!
A dependência tem estante, armário embutido e cama de solteiro. Além disso vc tem direito em usar todos os cômodos, nosso novo co-working que chamávamos de sala com Wi-Fi fibra de 300 mega, cozinha, área de serviço.
Temos porteiro 24h, pertinho da praia, metrô, ônibus, e vários mercados pra vc escolher!
Além de roommates cheirosas, vegetarianas, contra Bolsonaro, antirracistas, LGBTTQIA+friendly e amantes de plantinhas <3
Estamos em 3 e procuramos uma menina pra compor a casa e se sentir aconchegada no nosso lar.
Lola e Zuzu, nossas gatas, vão amar mais alguém pra encher o potinho delas de ração.
Não perde tempo, me chama aí no chat, vamos conversar!

Obs.: O espaço ainda vai passar por uma melhoria pra ficar mais lindão pra quem vier morar conosco!","Rua Visconde de Pirajá - Ipanema, Rio de Janeiro - RJ, Brasil",Dependência individual em Ipanema,800,2020-12-28 14:08:11.1142706,2020-12-29 12:31:22.5222986,Deleted,1,556,1,-22.9842369,-43.2049725,1
"Boa noite, Alugo Quarto em Laranjeiras com cama solteiro, armário, escrivaninha, wifi 250 megas e ventilador de teto.

Maquina de lavar roupas

Diarista de 15 em 15 dias encarregada de limpeza da área em comum da casa.

Permitido o uso de todas as áreas em comum.

Banheiro compartilhado.

Permitido fumar apenas no quarto.

Pontos turísticos: Corcovado 1,9 km, Aterro 1,5 km, Pão de Açúcar 6,0 km, Copacabana 6,0 km

Transportes próximos: Metrô L. do Machado 1 km, ponto de taxi em frente ao prédio, ponto de ônibus 100metros.

Em um raio de 300m:
  Supermercados
  Hortifrútis
  Farmácias
  Papelaria
  Padaria

contato (21)98848-4787 (leonardo)
 
valor R$1200,00 com contas inclusa","Laranjeiras, Rio de Janeiro - RJ, Brasil",Quarto com empregada e contas inclusas.,1200,2020-12-29 19:31:07.9714293,2021-04-27 22:02:44.4960795,Inactive,0,75,1,-22.9332067,-43.18473,0
quarto todo mobiliado  reformado decorado em casa de família com ventilador nó teto cozinha toda equipada  com 2 banheiros   com água luz tv cabo internet próximo dos Bombeiros da Penha ônibus pra todos Barrios Brt trem comércio farto com supermercados farmácias padarias lanchonetes bares Bancos é hotfrutri  zap Marcos 969025980 500 Reais,Rio-de-Janeiro,Quarto em casa de família,500,2020-12-30 07:43:23.8941314,2020-12-30 07:50:30.2346553,Published,0,1595,0,-22.9068467,-43.1728965,0
Apto na Tijuca Simples prox Metrô Afonso Pena e Metrô São Francisco Xavier,Rio-de-Janeiro Tijuca,Vaga Tijuca,400,2021-01-01 15:08:22.4638851,,Inactive,0,3,1,-22.9325728,-43.2410248,0
"Vagas para moças em quarto ou DUPLO na Pelinca próximo IFF, ISECENSA, Universo , UCAM, Cursinho ( Foco, Alpha, PH).
Todas contas inclusas: água, luz, gás, IPTU, aluguel, condomínio, wi fi. 
São dois apt em um prédio no coração da Pelinca próximo do IFF. 
Cada apt com 3 quartos . Somente moram moças neste prédio.
Apts todo mobiliado. 
Quartos com cama, guarda roupa, cortina e escrivaninha. 
Cozinha com armários, fogão, microondas, liquidificador, sanduicheira, cafeteira. 
Área de serviço.
Copa com mesa, estante com tv e geladeira .
Tb temos impressora e ferro de passar roupa.

 Pronto para morar.
Administro tudo. 
Valor fixo por mês .","Av. Pelinca - Parque Tamandaré, Campos dos Goytacazes - RJ, Brasil",Vaga para moças em quarto duplo na Pelinca em Campos dos Goytacazes,500,2021-01-04 00:46:06.0549779,2021-01-04 12:26:42.7103487,Published,1,48,1,-21.7581795,-41.3363596,1
"Vagas para moças em quarto ou DUPLO na Pelinca próximo IFF, ISECENSA, Universo , UCAM, Cursinho ( Foco, Alpha, PH).
Todas contas inclusas: água, luz, gás, IPTU, aluguel, condomínio, wi fi. 
São dois apt em um prédio no coração da Pelinca próximo do IFF. 
Cada apt com 3 quartos . Somente moram moças neste prédio.
Apts todo mobiliado. 
Quartos com cama, guarda roupa, cortina e escrivaninha. 
Cozinha com armários, fogão, microondas, liquidificador, sanduicheira, cafeteira. 
Área de serviço.
Copa com mesa, estante com tv e geladeira .
Tb temos impressora e ferro de passar roupa.

 Pronto para morar.
Administro tudo. 
Valor fixo por mês .","Av. Pelinca - Parque Tamandaré, Campos dos Goytacazes - Rio de Janeiro, Brasil",Vaga para moças em quarto triplo na Pelinca em Campos dos Goytacazes,400,2021-01-04 01:02:09.5290168,2021-01-04 01:06:33.3668022,Published,0,142,1,-21.7581795,-41.3363596,0
"Olá, meninas! 

Estamos procurando alguém para dividir o apartamento com a gente:

✅ O quarto é individual, grande, arejado e possui um armário bem espaçoso. 

✅ O apartamento já está mobiliado e fica em Icaraí, na Rua Ministro Otávio Kelly, altura do Campo de São Bento.

✅ O valor do aluguel é de R$ 710 reais mensais/pessoa (aluguel, condomínio e IPTU). 
As contas são divididas igualmente e ficam em torno de R$ 150 reais mensais/pessoa (gás, faxina, internet, luz).

✅ O apartamento é próximo de supermercado, padaria, farmácia, pontos de ônibus, restaurantes e hospital.

Somos duas meninas no ap (3 quartos) e procuramos alguém que tenha uma dinâmica de vida parecida conosco - trabalhe e/ou estude. 

Vivemos num ambiente tranquilo, organizado e visitas são bem vindas. 🍃","Rua Ministro Otávio Kelly - Icaraí, Niterói - Rio de Janeiro, Brasil",Quarto individual - Icaraí - Niterói - contas inclusas,860,2021-01-06 11:31:29.4164922,2021-01-06 11:49:06.8016387,Published,1,801,1,-22.9052422,-43.1027282,1
,,,0,2021-01-06 14:59:13.5092680,,Inactive,0,0,0,nan,nan,0
,,,0,2021-01-06 16:49:08.2762461,,Inactive,0,0,0,nan,nan,0
,,,0,2021-01-07 00:41:03.3265754,,Inactive,0,0,0,nan,nan,0
,"Rio de Janeiro, RJ, Brasil",,0,2021-01-07 19:32:35.4037527,,Inactive,0,0,1,-22.9068467,-43.1728965,0
,,,0,2021-01-07 19:36:23.1632307,,Inactive,0,0,0,nan,nan,0
,Rio-de-Janeiro,,0,2021-01-08 10:47:18.7047433,,Deleted,0,2,0,-22.9068467,-43.1728965,0
"Alugo quarto individual em Apartamento em Santa Teresa, esquina com o Largo do Curvelo, 10 min da estação Glória do Metrô Rio e 5 minutos da Lapa e escadaria Selaron

Outras áreas da Casa são de uso compartilhado

🏳️‍🌈 LGBT Friendly - São bem vindos 💕

Valor do Aluguel R$ 800 + Luz e Wifi Divididos junto com os outros 2 moradores.

Água e Gás incluso já 

Cama é de casal, o preço é pra uma pessoa, para casais, favor verificar descontos e valores.

Mais informações meu whatsapp: 21 975335902","Rua Bernardino dos Santos - Santa Teresa, Rio de Janeiro - RJ, Brasil",Aluguel de Quarto Mobiliado 🏳️‍🌈,800,2021-01-08 14:13:40.4284557,2021-01-08 14:51:54.0992554,Deleted,2,601,1,-22.9198548,-43.1828996,2
"Quarto individual para aluguel temporário em Botafogo com entrada a partir do dia 11/01. No valor não está incluso o valor das contas  mensais (internet, energia e gás) que ficam em torno de 70 reais para cada um. O apartamento é mobiliado e se localiza na rua São Clemente 107a, a melhor localidade de botafogo próximo ao metrô, shopping, praia, supermercados e comércio. O prédio possui elevador e portaria 24h. 
No apartamento moram 3 moças com idades entre 19 e 25 anos.
O quarto é mobiliado com sofá cama, guarda-roupas, ventilador de teto, estante e uma escrivaninha (nova - não representada nas fotos).
Não é necessário calção, fiador ou seguro fiança. 
Obs: prazo de tempo (meses) a combinar","Rua São Clemente - Botafogo, Rio de Janeiro - RJ, Brasil",Quarto Temporário em Botafogo,800,2021-01-08 17:01:13.6365715,2021-01-08 17:04:31.7325929,Deleted,0,566,1,-22.9497298,-43.1897674,0
"-Plano mensal com conforto, em suíte individual com tudo incluso, água, luz, internet wi fi, limpeza 1 x por semana e roupa de cama.
O quarto é composto por tv, internet, cama, guarda roupa, escrivaninha, ventilador e frigobar.
Nosso site: www.pousadaehostelsaopaulo.com.br","São Paulo, SP, Brasil",Aluguel mensal em suítes Pousada SP- Pinheiros ,1800,2021-01-08 17:14:33.6436930,2021-01-08 17:25:27.3028036,Published,0,717,0,-23.5505199,-46.6333094,0
,,,0,2021-01-08 19:37:49.0909190,,Inactive,0,0,0,nan,nan,0
,Rio-de-Janeiro,,0,2021-01-09 00:27:16.2971239,,Inactive,0,0,0,-22.9068467,-43.1728965,0
,,,0,2021-01-09 16:24:42.8831169,,Inactive,0,0,0,nan,nan,0
,,,0,2021-01-10 06:01:54.6226181,,Inactive,0,0,0,nan,nan,0
,,,0,2021-01-10 14:54:36.9977084,,Inactive,0,0,0,nan,nan,0
,,,0,2021-01-10 17:03:25.1126060,,Inactive,0,0,0,nan,nan,0
,,,0,2021-01-11 02:01:11.9142451,,Inactive,0,0,0,nan,nan,0
"TODAS AS CONTAS INCLUSAS -Suite individual (banheiro dentro do quarto) ampla e confortável, recém pintada, cama  solteiro, guarda roupas, escrivaninha, wi-fi 220 Mega, ponto de NET no quarto (tv à cabo, só trazer sua tv), todas as contas inclusas, a casa possui mais de 400m2, de alto padrão, 03 jardins, 02 quintais, solarium, edícola, cozinha totalmente equipada, copa, sala de jantar, lavanderia, sala de estar, sala de jantar, sala de tv e dvd (com NET e NOW), faxineira de 15 em 15 dias nas áreas comuns da casa e no quarto dos moradores, se desejar. A casa fica em bairro tranquilo, segurança na rua 24hs, próximo a bancos, farmácia, feira livre aos sábados a 100m da casa, restaurantes, supermercados, shoppings (Eldorado, Butantã, Jk Iguatemi e Villa Lobos), próxima a USP (Universidade de São Paulo), próxima aos parques Villa Lobos, Parque do Povo, e de fácil acesso ao transporte público e principais avenidas, a 150m da avenida Francisco Morato e Eliseu de Almeida, e ao seu corredor de ônibus 24hs (aprox. 18 minutos para avenida Paulista), a 15 minutos a pé para o metrô Butantã (linha amarela) e CPTM Estação Rebouças e 16 minutos a pé do metro São Paulo Morumbi (linha amarela) Venha fazer uma visita! Ambiente multicultural e de pessoas com responsabilidade. 
DISPONÍVEL PARA MUDANÇA IMEDIATA
R$ 950,00 mensais – TODAS AS CONTAS INCLUSAS!!!
","Rua João Batista de Sousa Filho - Caxingui, São Paulo - SP, Brasil",Suite Ampla individual e Confortável Butantã ,1200,2021-01-11 16:33:00.1866239,2021-01-11 16:41:27.9273074,Published,0,781,0,-23.5809338,-46.7156585,0
"TODAS AS CONTAS INCLUSAS -Suite individual (banheiro dentro do quarto) ampla e confortável, recém pintada, cama  solteiro, guarda roupas, escrivaninha, wi-fi 220 Mega, ponto de NET no quarto (tv à cabo, só trazer sua tv), todas as contas inclusas, a casa possui mais de 400m2, de alto padrão, 03 jardins, 02 quintais, solarium, edícola, cozinha totalmente equipada, copa, sala de jantar, lavanderia, sala de estar, sala de jantar, sala de tv e dvd (com NET e NOW), faxineira de 15 em 15 dias nas áreas comuns da casa e no quarto dos moradores, se desejar. A casa fica em bairro tranquilo, segurança na rua 24hs, próximo a bancos, farmácia, feira livre aos sábados a 100m da casa, restaurantes, supermercados, shoppings (Eldorado, Butantã, Jk Iguatemi e Villa Lobos), próxima a USP (Universidade de São Paulo), próxima aos parques Villa Lobos, Parque do Povo, e de fácil acesso ao transporte público e principais avenidas, a 150m da avenida Francisco Morato e Eliseu de Almeida, e ao seu corredor de ônibus 24hs (aprox. 18 minutos para avenida Paulista), a 15 minutos a pé para o metrô Butantã (linha amarela) e CPTM Estação Rebouças e 16 minutos a pé do metro São Paulo Morumbi (linha amarela) Venha fazer uma visita! Ambiente multicultural e de pessoas com responsabilidade. 
DISPONÍVEL PARA MUDANÇA IMEDIATA
R$ 950,00 mensais – TODAS AS CONTAS INCLUSAS!!!
","Rua João Batista de Sousa Filho - Caxingui, São Paulo - SP, Brasil",Suite Ampla individual e Confortável Butantã ,950,2021-01-11 16:42:36.8989949,2021-01-11 16:47:05.5100102,Published,0,802,0,-23.5809338,-46.7156585,0
,,,0,2021-01-11 22:06:53.9019943,,Inactive,0,1,0,nan,nan,0
,,,0,2021-01-12 01:53:49.1354822,,Inactive,0,0,0,nan,nan,0
,,,0,2021-01-12 04:51:41.9827570,,Inactive,0,0,1,nan,nan,0
,,,0,2021-01-12 04:56:16.4829079,,Inactive,0,0,1,nan,nan,0
"Quarto disponível para Fevereiro. Buscamos alguém para dividir o apartamento. Prezamos a limpeza e conservação do local. Sem regras malucas, pode usar todas as partes da casa. Somos 3 pessoas no apartamento, um casal e uma menina. Uma quadra da praia e 8 min do metrô cantagalo. ","Rua Bolívar - Copacabana, Rio de Janeiro - RJ, Brasil",Quarto ótima localização ,1200,2021-01-12 05:19:27.9720909,,Inactive,1,0,1,-22.9758242,-43.1906837,1
,,,0,2021-01-12 08:23:08.9828159,,Inactive,0,0,0,nan,nan,0
,,,0,2021-01-12 08:36:26.4938903,,Inactive,0,0,1,nan,nan,0
,,,0,2021-01-12 10:51:03.2997978,,Inactive,0,0,0,nan,nan,0
,,,0,2021-01-12 11:14:46.0963840,,Inactive,0,0,0,nan,nan,0
,,,0,2021-01-12 11:42:37.5967816,,Inactive,0,0,0,nan,nan,0
,,,0,2021-01-12 11:58:03.1831001,,Inactive,0,0,0,nan,nan,0
,,,0,2021-01-12 16:44:45.5885909,,Inactive,0,0,0,nan,nan,0
,,,0,2021-01-12 18:38:54.0532001,,Inactive,0,0,0,nan,nan,0
,"São Paulo, SP, Brasil",,0,2021-01-12 20:26:51.7171076,,Inactive,0,0,0,-23.5505199,-46.6333094,0
,,,0,2021-01-12 20:31:03.2028469,,Inactive,0,0,0,nan,nan,0
,,,0,2021-01-12 23:25:45.1836412,,Inactive,0,0,0,nan,nan,0
"Olá, pessoal. Quarto individual para aluguel na Praça da Bandeira com entrada a partir do dia 15/01. A casa é mobiliada e está no melhor local para acesso a variadas linhas de ônibus, trem (7min) e metrô (14min).

O bairro tem grande variedade de comércio (2 supermercados, farmácias, padarias, restaurantes, bares, etc).

O quarto que está vago é o menor dos três da casa (não é dependência), tem cama com colchão e um hack, possui janela, boa ventilação e é um pouco maior do que as fotos mostram.


Samuel e eu somos estudantes concluintes? & acima de tudo concurseiros e precisamos de alguém responsável pra vir morar conosco :) A nossa vila é super familiar e um ótimo lugar pra viver! 

Isso sem falar no nosso quintalzinho que breve breve vai receber a hortinha",Rio-de-Janeiro,[QUARTO INDIVIDUAL] [PRAÇA DA BANDEIRA] [R$ 650] ,650,2021-01-13 01:04:37.3470021,2021-01-15 17:22:13.6205616,Deleted,0,437,0,-22.9068467,-43.1728965,0
"ALUGO apartamento recém-reformado de 1 dormitório, pequena sala, cozinha e banheiro. Andar alto e de fundos. Silencioso, luminoso, com portaria bonita e super bem localizado, perto de tudo: bancos, supermercados, feiras, academias, vasto comércio e muitas opções de transporte. Cabe máquina de lavar.
Direto com o proprietário. Aceito 3 meses de Depósito em Garantia. Aluguel no valor de R$ 900,00. Condomínio 400,00 aproximadamente.
Para marcar: whatsap (21) 99674-5209 ou ligue para (21) 2232-3267. Disponibilidade imediata!","Rua Riachuelo - Centro, Rio de Janeiro - Estado de Río de Janeiro, Brasil","1 dormitório - Lapa, Centro, Rio de Janeiro",900,2021-01-13 01:06:32.8044307,2021-01-13 01:11:58.0988795,Published,0,1015,1,-22.9149302,-43.1868086,0
,,,0,2021-01-13 20:32:18.7406561,,Inactive,0,0,0,nan,nan,0
,Rio-de-Janeiro,,0,2021-01-14 02:10:53.9638075,,Inactive,0,0,1,-22.9068467,-43.1728965,0
,Rio-de-Janeiro,,0,2021-01-14 03:15:42.6300510,,Inactive,0,0,1,-22.9068467,-43.1728965,0
,Rio-de-Janeiro,,0,2021-01-14 13:40:23.9520445,,Deleted,0,0,0,-22.9068467,-43.1728965,0
,,,0,2021-01-14 20:32:34.3238940,,Inactive,0,0,1,nan,nan,0
"Procura por um lugar super tranquilo para morar? Venha conhecer! Tenho referências! 1 quarto individual com 14mt² disponível para entrada em fevereiro. Venha morar num lugar super tranquilo e silencioso num ambiente familiar com pessoas do bem! Casa com entrada independente, 3 ótimos quartos individuais (somente 1 disponível agora). Área verde! 🌳🌿🍃 2 banheiros para 3 pessoas, corredores amplos, cozinha com geladeira, fogão, microondas, armários novos, lavanderia conjugada com espaço para máquina de lavar. Excelente local, vizinhança tranquila! Rua policiada. Não precisa pegar ônibus para UFF Farmácia e Veterinária. Espaço para apenas 3 pessoas (sem aquela aglomeração de repúblicas). Posso alugar vaga de garagem. É na Rua Martins Torres no bairro Jardim Sta Rosa, próximo ao colégio Salesianos e R. Vereador Duque Estrada. Ônibus na porta para Jardim Icaraí, Icaraí e Centro, e próximo para o Rio e Região Oceânica. Vários comércios: Padaria, restaurante, delicatessen, Mestre do Suco, Hamburgueria, comida japonesa, hortifrúti, barbearia, mercadinho, bar, etc. Perto Supermercado Mundial. Valor: R$850,00, incluídos luz, água, gás, IPTU, Wifi 120mb (roteador exclusivo para os inquilinos). Moradia somente para pessoas do bem e organizadas! Agende sua visita e reserve (estou selecionando o futuro morador)! Obs.: Não tenho preconceitos raciais, de gêneros ou políticos, se você é uma pessoa do bem, de bom convivência e organizada é isso que procuro. Quero é PAZ para todos os moradores! Dispenso dependentes químicos. Obrigado! Fique bem! Marcelo Moura.","Rua Martins Torres - Santa Rosa, Niterói - RJ, Brasil",1 quarto individual com 14mt² disponível para entrada em fevereiro em Santa Rosa - Niterói.,850,2021-01-14 23:19:58.7251145,2021-01-14 23:47:51.7828946,Published,0,877,0,-22.8988681,-43.0908267,0
,"Rio-de-Janeiro, Baixo Vidigal",,0,2021-01-15 02:57:53.3461767,,Inactive,0,1,1,-22.9945157,-43.2378333,0
,,,0,2021-01-15 15:22:55.0237759,,Inactive,0,1,0,nan,nan,0
,"Rua Inácio Bezerra de Menezes - Santa Rosa, Niterói - Rio de Janeiro, Brasil",,0,2021-01-16 10:35:02.1108903,,Inactive,0,1,0,-22.8975071,-43.0877272,0
,,,0,2021-01-16 14:37:15.0506991,,Inactive,0,0,0,nan,nan,0
,,,0,2021-01-16 15:20:45.7070341,,Inactive,0,0,0,nan,nan,0
,,,0,2021-01-17 14:31:04.2387663,,Inactive,0,0,0,nan,nan,0
,,,0,2021-01-17 20:06:07.7514718,,Inactive,0,0,0,nan,nan,0
,,,0,2021-01-18 13:26:13.7625660,,Inactive,0,0,1,nan,nan,0
,"Rua Presidente Pedreira - Ingá, Niterói - RJ, Brasil",,0,2021-01-18 14:03:21.3620131,,Inactive,0,0,1,-22.9035394,-43.1248961,0
,,,0,2021-01-18 16:10:05.2725109,,Inactive,0,0,0,nan,nan,0
,,,0,2021-01-19 15:43:38.6552914,,Inactive,0,0,1,nan,nan,0
,,,0,2021-01-19 19:43:45.0222666,,Inactive,0,0,0,nan,nan,0
,,,0,2021-01-19 21:28:49.9574396,,Inactive,0,0,0,nan,nan,0
"
POR FAVOR CHAMAR NO ZAP PARA MAIORES  INFORMAÇÕES 11 947740988 

Já incluso agua, luz, internet e gas.

Do lado do Metro Barra Funda 
5 minutos andando para a estação de trem Água Branca 
Condomínio fechado 
* Quarto compartilhado mobiliado
*antena tv digital HD
*ambiente tranquilo e silencioso
*academia no condomínio e elevadores 
*WiFi incluso ja
* Acesso a cozinha e sala mobiliada

Agende uma visita com Thiago
(11) 94774-0988 (zap) ","Barra Funda, São Paulo - SP, Brasil",Quarto compartilhado na Barra Funda ( a pé para o metro e estação de trem )- R$ 400 Mensal  ,400,2021-01-20 08:54:31.7287388,2021-01-20 18:46:17.9702141,Published,0,464,1,-23.5291923,-46.6609986,0
,Rio-de-Janeiro,,0,2021-01-20 13:28:53.5367125,,Inactive,0,0,0,-22.9068467,-43.1728965,0
,Rio-de-Janeiro,,0,2021-01-20 14:16:46.9653373,,Deleted,0,0,0,-22.9068467,-43.1728965,0
,Rio-de-Janeiro,,0,2021-01-20 14:19:01.3078462,,Deleted,0,0,0,-22.9068467,-43.1728965,0
,Rio-de-Janeiro,,0,2021-01-20 15:43:30.4663883,,Deleted,0,0,0,-22.9068467,-43.1728965,0
"💃💃🏳️‍🌈[VAGAS COMPARTILHADAS FEMININA]
[SANTA CECÍLIA] 💃💃🏳️‍🌈

Venha mora em nosso ap, quartos grandes compartilhados localizado na região centro de SP.

O apê tem 2 banheiros, área de serviço, cozinha e sala grandes. Todo mobiliado 
com geladeira, máquina de lavar 11kg, microondas, fogão e armários individuais.
Só precisa trazer as #Brusinhas👚👚👗👗👛👛🌈🌈
O nosso Apartamento está todo mobiliado, 
são dois quartos enormes compartilhado
São 7 cômodos bem espaçosos.

#Aluguel R$ 490,00. 
#INCLUSO: ÁGUA,GAS,É LIMPEZA UMA VEZ POR SEMANA, DIVIDIMOS SOMENTE A LUZ E INTERNET.

 O Apartamento fica 5 minutos entre a Estação Metrô Santa Cecília e a famosa Avenida São João,dando acesso a várias lugares como faculdade,feira aos domingos, supermercado, bancos, hospitais e metrô,acesso andando ou de transporte público para as regiões da #Consolação, #Augusta, #Paulista,#Sé, #República #Anhangabaú e afins?.

TODOS OS QUARTOS SOMENTE COMPARTILHADOS✅
#Somente #mulheres✅✅🌈🌈
Whatsapp 011963006127
https://wa.me/message/XE2MMAMUUQLWC1","São Paulo, SP, Brasil",MORADIA FEMININA REPÚBLICA SANTA CECÍLIA,540,2021-01-20 17:01:46.7135611,,Inactive,0,0,1,-23.5505199,-46.6333094,0
quarto mobiliado em residência com vaga para moto local seguro e tranquilo com todas as contas inclusas  ,"São Paulo, SP, Brasil",quarto mobiliado ,850,2021-01-20 17:30:19.6384023,2021-01-20 17:35:46.8228731,Published,0,612,0,-23.5505199,-46.6333094,2
"
POR FAVOR CHAMAR NO ZAP PARA AGENDAR UMA VISITA  11 947740988 

Quarto individual  e mobiliado  - R$ 250,00 Mensal 
Já incluso agua, luz, internet e gas.
Do lado do Metro Vila Uniao ( linha prata)

* Quarto Individual mobiliado
*antena tv digital HD
*ambiente tranquilo e silencioso
*com pia dentro e lavanderia externa
*sistema de câmeras com gravação 24hs
*sensores de luz no corredor
*Portão sempre fechado 
*WiFi incluso ja
* Acesso a cozinha e sala mobiliada

Agende uma visita com Thiago
(11) 94774-0988 (zap) ","Vila União - V.p. - Sapopemba, São Paulo - SP, Brasil","Quarto individual R$ 250,00 Metrô Vila União (Jardim Grimalde)",250,2021-01-20 18:47:00.6265865,2021-01-20 18:52:22.2695995,Published,0,680,0,-23.6033846,-46.5145321,0
"POR FAVOR CHAMAR NO ZAP PARA MAIORES  INFORMAÇÕES 11 947740988 

Quarto compartilhado e mobiliado  - R$ 150 mensalidade 
Já incluso agua, luz, internet e gas. 
Do lado do Metro Vila Uniao ( linha prata)

* Quarto compartilhado mobiliado
*antena tv digital HD
*ambiente tranquilo e silencioso
*com pia dentro e lavanderia externa
*sistema de câmeras com gravação 24hs
*sensores de luz no corredor
*Portão sempre fechado 
*WiFi incluso ja
* Acesso a cozinha e sala mobiliada

Agende uma visita com Thiago
(11) 94774-0988 (zap) ","Vila União - Avenida Professor Luiz Ignácio Anhaia Mello - Vila Divina Pastora, São Paulo - SP - Parque Luis Mucciolo, São Paulo - SP, Brasil"," Quarto compartilhado R$ 150,00 Metrô Vila União (Jardim Grimalde)",150,2021-01-20 18:52:38.0070725,2021-01-20 19:00:44.4921186,Published,0,567,0,-23.6026893,-46.515636,0
,,,0,2021-01-21 11:59:31.1981557,,Inactive,0,0,0,nan,nan,0
,,,0,2021-01-21 14:51:58.1340386,,Inactive,0,0,1,nan,nan,0
,Rio-de-Janeiro,,0,2021-01-21 19:14:32.9519699,,Deleted,0,0,0,-22.9068467,-43.1728965,0
,,,0,2021-01-22 10:36:33.8496539,,Inactive,0,0,0,nan,nan,0
,,,0,2021-01-22 10:37:07.2028090,,Inactive,0,0,0,nan,nan,0
,,,0,2021-01-22 17:41:27.9086293,,Inactive,0,0,1,nan,nan,0
,,,0,2021-01-23 13:05:27.9160728,,Inactive,0,0,0,nan,nan,0
,,,0,2021-01-23 20:53:08.0084172,,Inactive,0,0,0,nan,nan,0
,,,0,2021-01-23 21:38:22.1479674,,Deleted,0,0,0,nan,nan,0
"Estou alugando quarto em Copacabana na sa ferreira, perto do metrô.
Quarto são grandes e já está incluso condomínio, gás aluguel, internet e água","Rua Sá Ferreira - Copacabana, Rio de Janeiro - RJ, Brasil",Alugo quarto em Copacabana,1200,2021-01-23 21:40:19.5433806,2021-01-23 21:51:57.9936126,Published,0,748,1,-22.9811963,-43.1925377,0
"
Olá pessoal , tudo bem?
Tenho vagas disponíveis em uma República situada na Real Grandeza Botafogo..
3 vagas na suíte feminina.
1 vaga no quarto masculino.
Casa totalmente mobiliada , com net e Tv grátis !
Pode lavar , cozinhar e passar..
Ambiente totalmente amigável , as pessoas que moram aqui são de bom convívio ...
Mais informações chamar no WhatsApp📲 (21)965248792 falar com Nádia .","Botafogo, Rio de Janeiro - RJ, Brasil",Vagas de quartos Em BOTAFOGO RJ,500,2021-01-23 21:44:57.8867844,2021-01-24 02:37:46.1505109,Published,0,882,0,-22.9511931,-43.1807842,0
"
Olá pessoal , tudo bem?
Tenho vagas disponíveis em uma República situada na Real Grandeza Botafogo..
3 vagas na suíte feminina.
1 vaga no quarto masculino.
Casa totalmente mobiliada , com net e Tv grátis !
Pode lavar , cozinhar e passar..
Ambiente totalmente amigável , as pessoas que moram aqui são de bom convívio ...
Mais informações chamar no WhatsApp📲 (21)965248792",Rio-de-Janeiro,Vagas em Botafogo ,500,2021-01-23 21:56:32.6559410,,Inactive,0,1,0,-22.9068467,-43.1728965,0
"Alugo um quarto na Praça da Bandeira. Com cama de casal guarda roupa embutido ventilador tv comodas ar condicionado opcional. Cozinha com geladeira microondas e fogao. Máquina de lavar roupas. Procura por pessoas para somar que tenha bom senso, organizada limpa, e economica.  Predio com toda segurança cameras. Bairro com todo comercio. Transporte para todos os Bairros inclusive metro estação Estácio a uma quadra. Valor do Aluguel 600 contas dividas. Zap 988643143 valor casal a combinar",Rio-de-Janeiro,Alugo quarto individual ou casal na Praça da Bandeira,600,2021-01-24 17:53:46.6258230,,Inactive,0,1,1,-22.9068467,-43.1728965,0
,,,0,2021-01-25 12:09:04.8181942,,Inactive,0,1,0,nan,nan,0
,,,0,2021-01-25 12:43:32.1051713,,Inactive,0,1,1,nan,nan,0
,,,0,2021-01-25 12:47:34.9248422,,Inactive,0,1,0,nan,nan,0
,Rio-de-Janeiro,,0,2021-01-25 13:15:55.9530248,,Inactive,0,1,0,-22.9068467,-43.1728965,0
,,,0,2021-01-25 14:36:35.6261322,,Inactive,0,1,0,nan,nan,0
,,,0,2021-01-25 14:48:22.4043027,,Inactive,0,1,0,nan,nan,0
,,,0,2021-01-25 20:00:11.6711812,,Inactive,0,1,0,nan,nan,0
,"São Paulo, SP, Brasil",,0,2021-01-25 20:50:37.4795349,,Inactive,0,1,1,-23.5505199,-46.6333094,0
,,,0,2021-01-26 01:37:44.6668542,,Inactive,0,1,1,nan,nan,0
"Alugo suite independente, próximo a faculdade UFRJ.
Na vila benjamin constant,na URca.
Rua: Doutor Xavier Sigauld, 215.
A 15 min da praia de Copacabana e da praia vermelha.
Ônibus metrô na porta e variedades de ônibus.
Próximo ao Rio Sul",Rio-de-Janeiro,Aluga-se suite independente,1500,2021-01-26 01:46:52.7356901,,Inactive,0,1,0,-22.9068467,-43.1728965,0
,Rio-de-Janeiro,,0,2021-01-26 16:18:08.5296628,,Inactive,0,1,0,-22.9068467,-43.1728965,0
"MARACANÃ FAMILIAR -  SO MOÇAS - Tudo incluído!
LINDO E NOVO VOCÊ VAI AMAR MORAR, ótimo ambiente, apartamento silencioso e iluminado. 
Quartos exclusivamente individuais com chave só sua! Perto Metro Maracanã, SuperVia, supermercado, restaurantes, academia de ginástica, perto da UERJ e da UVA.
Quarto com cama de casal, armário, estante, escrivaninha, frigobar, ar condicionado, Smart LED TV 32” , lençóis e toalhas. 
Wifi fibra ótica 300 mg.
Lave e cozinhe quando quiser!
Todo mobiliado e decorado, cozinha equipada, área com maquina de lavar e faxina semanal.
Garagem própria. 
Segurança em prédio com porteiro.
Caução devolvida no final de 1.000.

a 300 metros
1 supermercado
1 hortifruti
3 academias
1 deli
4 restauranes
1 padaria
5 bares



","Maracanã, Rio de Janeiro - RJ, Brasil",QUARTO INDIVIDUAL com chave,1200,2021-01-28 16:20:29.9447178,2021-01-28 16:36:20.1725168,Published,0,932,0,-22.9123207,-43.2265479,1
"INDIVIDUAL PARA MOÇAS
SILENCIOSO, FAMILIAR, VOCE VAI GOSTAR, arejado e fica na esquina do comercio e transportes e perto da Praça Saens Pena e do metro. Privacidade total em quartos exclusivos e com chave, ideal para quem quer estudar e trabalhar, as demais áreas do apartamento são compartilhados e completamente mobiliado e com faxina. Wifi fibra ótica 100 megas
Quarto com cama de casal, armário, estante, escrivaninha, ventilador de teto, Smart tv 24 polegadas , lençóis, toalhas.
E nas áreas comuns, sala mobiliada, cozinha equipada com tudo, e área com maquina de lavar.
Caução devolvida no final R$ 1.000,00 
Quando você quiser visitar é só me falar.
Mya
21 993443402 (whatsapp)
","Tijuca, Rio de Janeiro - RJ, Brasil",TIJUCA - QUARTO INDIVIDUAL com chave,1000,2021-01-28 16:39:20.6708510,2021-01-28 16:52:47.7070995,Published,0,930,0,-22.9325728,-43.2410248,0
"TIJUCA SO PARA MOÇAS  - tudo incluído!
Quarto individual com chave só sua! As demais dependências de uso compartilhado com só 2 pessoa, com faxina semanal.
Otima localização, meio quarteirão do metro, no Largo da Segunda feira, com supermercado, restaurantes e lojas. Otimo ambiente para Home Office.
Seguranca total com porteiro 24hs.
Fibra wi-fi  150 Mg em toda a casa.
Apartamento todo mobiliado, cozinha equipada, e área com maquina de lavar.
Cozinhe e lave quando quiser!
Caução devolvida no final R$ 1.000.
21 99344 3402 (somente  whatsapp)

a 300 metros
1 supermercado
1 hortifruti
3 academias
12 restauranes
1 padaria
4 bares
","Tijuca, Rio de Janeiro - RJ, Brasil",TIJUCA - UM QUARTO PRA CHAMAR DE LAR,1200,2021-01-28 16:53:04.9097227,2021-01-28 17:02:18.1755517,Deleted,0,533,0,-22.9325728,-43.2410248,0
,,,0,2021-01-28 22:32:45.3739262,,Inactive,0,0,1,nan,nan,0
"Um espaço para viver, conviver com Sol Saúde Amizade. Oportunidade especial para a Nova Temporada Casa Tucuna 2021.
Próximo ao metro Vila Madalena
Estamos oferecendo 2 quartos > 2 vagas.
Quarto Cafofo 900 + 400 (custos comuns)
Quarto Berinjela 1.200 + 400 (custos comuns)
Informações inbox ou pelo grupo abaixo:
https://www.facebook.com/groups/casatucuna","Pompeia, São Paulo - State of São Paulo, Brazil",Quarto em Co-nutri: Casa na Pompéia,1300,2021-01-29 15:18:26.6430646,2021-01-29 15:31:05.7946517,Published,0,557,0,-22.1007393,-50.1858252,0
,,,0,2021-01-29 17:07:21.0167384,,Inactive,0,0,0,nan,nan,0
,,,0,2021-01-29 18:20:41.1437481,,Inactive,0,0,0,nan,nan,0
,,,0,2021-01-31 04:09:01.1581406,,Inactive,0,0,1,nan,nan,0
"QUARTO_V.OLIMPIA_APENAS_R$1150


Quartos e suítes reformadas e mobiliadas, com cama de casal  p/ 1 pessoa em uma casa na Vila Olímpia a partir de R$990 mês.

Local Estratégico:
☑️Metrô, CPTM, Pq. Ibirapuera, Shoppings (Ibirapuera, Vila Olímpia, Jk, Pq. Do povo (caminhando) e aeroporto de Congonhas de carro a 10min , supermercados, academias, bares, baladas, teatros,, farmácia, restaurante, faculdades (Anhembi, Insper, FMU), ponto de ônibus, estação de bicicleta Itaú (Ao lado), hospital, centro econômico e muito mais.
☑️É um lar com regras, organizada e de ótima energia!
☑️Rua Henrique de Carvalho Vila Olímpia.
☑️Procura-se pessoas organizadas, trabalhadores, conscientes e responsáveis.
Agende uma visita.

(11) 948884382
(12) 982559204 ( Whats app)
","Rua Henrique de Carvalho - Vila Olímpia, São Paulo - SP, Brasil",QUARTO NA VILA OLIMPIA,1150,2021-01-31 14:47:52.8065321,2021-01-31 14:54:32.4118543,Published,0,729,0,-23.6030849,-46.6785719,0
,,,0,2021-01-31 23:34:13.0405774,,Inactive,0,0,1,nan,nan,0
,"São Paulo, SP, Brasil",,0,2021-02-01 10:19:25.8391963,,Inactive,0,0,0,-23.5505199,-46.6333094,0
,,,0,2021-02-01 16:08:22.6471544,,Inactive,0,0,0,nan,nan,0
,,,0,2021-02-01 18:03:55.9911185,,Inactive,0,0,0,nan,nan,0
,,,0,2021-02-02 12:05:00.8171702,,Inactive,0,0,1,nan,nan,0
"Apartamento Sala e Quarto em Condomínio Fechado em JPA

Alugo quarto e sala no Cond. Edif. Lagoa Azul (ESPIGÃO), localizado ao lado do RIOCENTRO. Av. Canal do Rio Caçambê, 510 BL.02 

Edifício com elevador, portaria 24hs, vaga de garagem, Area de lazer.

Apartamento no 8º. andar, com piso frio, armários na cozinha, com 38m².

No quarto tem acesso para ar condicionado na parede.

Banheiro com aquecedor a gás.

Area de serviço com tanque e espaço para maquina de lavar integrada a cozinha.

Pronto para morar.

Condomínio e IPTU incluso no valor do aluguel
Valor: R$ 1.350,00",Rio-de-Janeiro,Apartamento quarto e sala próximo Rio Centro,1350,2021-02-02 15:59:11.2733481,2021-02-02 16:07:49.3801413,Published,0,886,0,-22.9068467,-43.1728965,0
,,,0,2021-02-02 23:06:39.3639483,,Inactive,0,0,0,nan,nan,0
"Quartos exclusivamente individuais com chave pessoal única, e as demais dependências de uso compartilhado com faxineira. Perto Metro Maracanã, SuperVia, supermercado, restaurantes, academia de ginástica, perto da UERJ e da UVA.
Quarto com cama de casal, frigobar, ar condicionado, Smart LED TV 32” (!) , armário, estante, escrivaninha, lençóis e toalhas. Internet wi-fi fibra 200 mg de 2 operadoras em toda a casa. NUNCA SEM SINAL!!!!
Apartamento todo mobiliado, cozinha equipada, e área com maquina de lavar.
Quarto com cama de casal: R$ 1.000,00, tudo incluso. 
Lave e cozinhe quando quiser, áreas comuns partilhadas, sala mobiliada, cozinha equipada com tudo, área com maquina de lavar, e faxina semanal.
Caução DEVOLVIDA no fim de R$ 1.000,00.
A 300m
1 supermercado
1 hortifruti
3 academias
4 restaurantes
2 cabeleireiros
5 bares
",Rio-de-Janeiro,SUITE SO SUA,1200,2021-02-08 13:56:42.0881190,2021-02-08 14:01:27.8943833,Published,0,747,1,-22.9068467,-43.1728965,1
"🏳️‍🌈 ALUGO QUARTO MOBILIADO INDIVIDUAL PARA MARÇO - APARTAMENTO EM IPANEMA
🏳️‍🌈 LOCAL LGBT FRIENDLY - SEM PRECONCEITOS, SÃO BEM-VINDOS!

O apartamento fica a uma quadra da praia e a uma quadra da Estação Nossa Senhora da Paz do Metrô.
O quarto possui cama de casal e roupeiro.

No apartamento moram 3 pessoas.

Não há regras malucas, mas sempre vale o bom senso.

Preferências por pessoas que vão ficar por longo tempo (Trabalho e estudos)

DISPONIBILIDADE A PARTIR DE 05 DE MARÇO.

VALOR DO ALUGUEL DO QUARTO:
1 Pessoa (Solteiro): R$ 1.500 + Luz dividido entre os moradores.
2 Pessoas (Casal): R$ 2.000 + Luz dividido entre os moradores.

Água, Gás, Internet e TV a cabo inclusos.

MAIS INFORMAÇÕES PELO WHATSAPP: (21) 97533.5902","Rua Prudente de Morais - Ipanema, Rio de Janeiro - RJ, Brasil",Aluguel de Quarto Mobiliado 🏳️‍🌈,1500,2021-02-11 21:44:25.8716185,2021-02-11 21:47:29.4159395,Published,0,637,1,-22.9853159,-43.2050341,0
"ALUGO 2 QUARTOS EM CASA NA TIJUCA 
Tenho 2 quartos Individuais, dá para ir andando até a praça Saens Pena, próximo a supermercados, farmácias, metrô Uruguai (4 ruas), ônibus na porta para zona norte, sul, oeste e Caxias, 10 min da Floresta da Tijuca. 
É uma casa grande (150m²), mobiliada,  possui 3 banheiros, varanda com rede , quintal, garagem, churrasqueira,  e área de serviço. O quarto externo disponível é grande (30m²), possui ante sala/varanda com rede, muito confortável, o outro é interno (25m - ar condicionado uso paga diferença conta de luz).
Aqui não há regras malucas e gostaria de alguém organizado e que considere a casa como um lar.
VALOR: R$ 1200 cada), que seria referente a divisão do aluguel com as contas (luz, gás, tv e internet 240mb) - (não exijo depósito caução)",Rio-de-Janeiro,ALUGO QUARTO INDIVIDUAL,1200,2021-02-11 23:36:56.2130954,2021-02-12 00:59:26.6593430,Published,0,699,0,-22.9068467,-43.1728965,0
"!Vagas individuais por R$ 900,00 e compartilhadas por 600! Casa bem localizada, CONTAS INCLUSAS, mobiliada, instalações novas,reformada, 2 andares, gradeada, com wifi e próximo a todos os campus da UFF em São Domingos, Ingá e Gragoatá. Opção de escolha para quartos individuais ou compartilhados. Entrar em contato por whatsapp ou ligações.(21) 988909926.  ","Travessa Manoel Continentino - São Domingos, Niterói - RJ, Brasil",Vagas individuais e compartilhadas em São Domingos,900,2021-02-12 23:40:56.6022557,2021-02-12 23:56:29.1017244,Published,0,709,0,-22.8993154,-43.1269565,0
,,,0,2021-02-14 23:51:58.5980360,,Inactive,0,0,0,nan,nan,0
,,,0,2021-02-27 19:04:05.0906019,,Inactive,0,0,0,nan,nan,0
"Olá, alugo um quarto individual no meu apartamento pra entrada IMEDIATA. procuro uma menina tranquila e organizada. prezo pela boa convivência e bom senso, sem regras malucas.

o quarto tem cama, ventilador cortinas e criado mudo. o apartamento já está todo mobiliado.  

O Condomínio é perto de Supermercados, Farmácias, Padaria ,Restaurantes, Bancos e Academia.
Tem pontos de vans e ônibus .

Valor: 500,00 com todas as contas inclusas, que são Luz ,Wi-FI, gás e Condomínio.","Parque Carioca - Estrada dos Bandeirantes - Jacarepaguá, Rio de Janeiro - RJ, Brasil",VAGA INDIVIDUAL FEMININA,450,2021-03-07 22:40:06.4854984,2021-03-13 00:41:06.9278571,Published,0,202,1,-22.9652225,-43.409631,1
,,,0,2021-03-08 05:58:06.9241314,,Inactive,0,0,0,nan,nan,0
,,,0,2021-03-12 20:47:07.1435883,,Inactive,0,0,0,nan,nan,0
,,,0,2021-03-12 21:11:49.8306957,,Inactive,0,0,0,nan,nan,0
,,,0,2021-03-12 21:13:41.4536905,,Inactive,0,0,0,nan,nan,0
,,,0,2021-03-12 21:20:43.2539562,,Inactive,0,0,0,nan,nan,0
,,,0,2021-03-12 21:23:18.9669066,,Inactive,0,0,0,nan,nan,0
,,,0,2021-03-12 21:32:50.4066521,,Inactive,0,0,0,nan,nan,0
,,,0,2021-03-12 21:44:17.1180685,,Inactive,0,0,0,nan,nan,0
,,,0,2021-03-12 21:48:08.3035664,,Inactive,0,0,0,nan,nan,0
,Rio-de-Janeiro,,0,2021-03-12 21:49:56.8446689,,Inactive,0,0,0,-22.9068467,-43.1728965,0
,"São Paulo, SP, Brasil",,0,2021-03-12 21:56:35.0858946,,Inactive,0,0,0,-23.5505199,-46.6333094,0
,Rio-de-Janeiro,,0,2021-03-13 04:27:09.2778995,,Inactive,0,0,0,-22.9068467,-43.1728965,0
,Rio-de-Janeiro,,0,2021-03-13 04:27:51.0670164,,Inactive,0,0,0,-22.9068467,-43.1728965,0
"alugo quarto individual taxas inclusas no valor internet, cozinha, lavanderia, banheiro, pode receber visita na rua saint roman 167 essa rua começa em copacabana e termina em ipanema 995691995","Copacabana, Rio de Janeiro - RJ, Brasil",Alugo Quarto Individual 800 taxas inclusas em Copacabana,800,2021-03-17 00:27:27.0584089,2021-03-17 00:31:36.4002066,Published,0,239,0,-22.9694417,-43.1868448,0
"Fala Pessoal;

Tenho um quarto dependência individual masculino disponível.

Apartamento super bem equipado, todo mobiliado, com máquina de lavar, microondas, armários, geladeira,utensílios de cozinha, mesa e Internet - Wi Fi e faxineira 4 vezes ao mês.

Só entrar e morar.

* O Condomínio Chacará do Ingá; com portaria 24hrs, piscina e play em um lugar seguro e muito bem localizado em Niterói.

O Condomínio é perto de supermercados, farmácias, lanchonetes, padarias, principais Bancos ,academias, pontos de ônibus para outros bairros de Niterói e para o RJ também, perto das faculdades ''UFFS'' ,e as demais, e uns 7 minutos a pé do Plazza Shopping e uma quadra da praia, pertinho do MAC.

Ótima Localização.

OBS 1: Permitido receber visitas, mas é claro exige a lei do bom senso e o respeito com todos, é um ambiente super tranquilo, e sem regras malucas. 
Marque sua visita, venha conhecer.

Valor: R$650,00 mais o rateio de luz. 

Qualquer dúvida ou maiores informações só falar comigo inbox ou whats (21) 96550-0103 Obrigado","Rua Justina Bulhões - Ingá, Niterói - RJ, Brasil",Quarto Individual Masculino -,650,2021-03-17 23:10:42.3768537,2021-03-17 23:13:37.4783886,Published,0,372,1,-22.9037811,-43.1210328,0
"Chamar no Whatsapp (21) 98538-9031

Quarto individual Para Mulheres - São Domingos 

A partir de 550,00 - Quarto individual 
650,00 - SUITE individual

Quarto individual para pessoas do sexo feminino. 

Os quartos são novos e muito limpo, tem ventilador de teto, janela. Não tem taxa extra. Já está incluso água, luz, internet e gás de cozinha. 
Possui cozinha e área de lavar roupa.","Rua Professor Lara Vilela - São Domingos, Niterói - RJ, Brasil",Quarto individual em Niterói - São Domingos FEMININO,550,2021-03-29 04:23:00.8421316,2021-03-29 04:29:21.7407748,Published,0,361,0,-22.9016174,-43.1273515,0
"

21 98544-3874

Não é República !

Quarto individual mobiliado em apartamento em Icarai, quarto amplo com armários, cama de casal e ventilador.

O valor já está tudo incluso. Água, luz e internet.

O apartamento fica localizado na Gavião Peixoto, 3 quadras da praia. Com ponto de ônibus, padaria, bancos, farmácia, academia, mercado e restaurantes próximos.","Rua Gavião Peixoto - Icaraí, Niterói - RJ, Brasil","Quarto  individual Masculino, Icarai ",780,2021-03-29 04:30:30.1297843,2021-03-29 04:39:44.9023242,Published,0,334,1,-22.9052934,-43.1084234,0
,,,0,2021-04-01 21:07:45.5786386,,Inactive,0,0,1,nan,nan,0
,Rio-de-Janeiro,,0,2021-04-15 17:10:27.0981425,,Inactive,0,0,0,-22.9068467,-43.1728965,0
"Quarto dependência com banheiro exclusivo para mulheres, somos três moradoras. Estudamos, trabalhamos e buscamos tranquilidade em casa. O apt é todo mobiliado, só entrar, trazer seus pertences pessoais e usar o que quiser das áreas em comum. O aluguel inclui todas as taxas (condomínio, luz, wi fi, gás e iptu). Há vaga na garagem que pode ser alugada a parte.  Próximo a mercados, farmácias, academias e salões de beleza.","Fonseca, Niterói - RJ, Brasil",Suíte para mulheres !,600,2021-04-15 22:59:57.4292230,2021-04-15 23:10:37.8705522,Published,0,300,1,-22.8813,-43.0870152,0
"Quarto individual, localizado na rua São Clemente (de frente para a rua Bambina) próximo ao metrô e do Praia Shopping. Quarto muito bem arejado e conta com cama de solteiro (88x188), estante, guarda roupas, escrivaninha, cadeira e ventilador. No valor não estão inclusas as contas que giram em torno de 80 reais por mês (energia, gás e internet). No apartamento moram mais 3 pessoas.
Entrada a partir do dia 10/05/21.","Rua São Clemente - Botafogo, Rio de Janeiro - RJ, Brasil",Quarto Individual Botafogo,800,2021-04-18 02:17:46.7170975,2021-04-18 02:21:31.3246421,Deleted,0,234,1,-22.9497298,-43.1897674,0
,Rio-de-Janeiro,,0,2021-04-19 15:47:00.9843836,,Inactive,0,0,0,-22.9068467,-43.1728965,0
,,,0,2021-04-26 20:44:05.1619774,,Inactive,0,0,0,nan,nan,0
"Apartamento espaço e completamente mobiliado com geladeira, fogão, microondas e máquina de lavar, no valor já inclui aluguel, condomínio, IPTU e internet, sendo a luz e o gás a parte. O quarto não tem móveis, então é necessario que quem for morar leve. Apartamento muito agradável, contrato mínimo de 6 meses","Icaraí, Niterói - RJ, Brasil",Quarto com sacada em Icarai ,1060,2021-04-28 18:02:37.2898658,2021-04-28 18:11:08.5385543,Published,0,292,1,-22.9021845,-43.1134182,0
"SEM MULTA DE CANCELAMENTO.
Independente do motivo, cancele sem multa com aviso prévio de 60 dias.

Standard Copa
Studio individual padrão com banheiro privativo e copa
Aluguel, condomínio, manutenção, IPTU, água, gás e internet (cortesia), tudo incluso na mesma conta.
MensalidadeR$2.550/pessoa
","Rua Maestro Cardim - Bela Vista, São Paulo - SP, Brasil",Unutri Students Housing - Studios mobiliados prontos para locação na região da Paulista.,2100,2021-05-04 18:41:58.9436420,,Deleted,0,0,1,-23.5663607,-46.641964,0
"SEM MULTA DE CANCELAMENTO.
Independente do motivo, cancele sem multa com aviso prévio de 60 dias.

Studio individual padrão com banheiro privativo e copa
Aluguel, condomínio, manutenção, IPTU, água, gás e internet (cortesia), tudo incluso na mesma conta.
MensalidadeR$2.550 por R$2.100

","Rua Maestro Cardim - Bela Vista, São Paulo - SP, Brasil",Unutri Students Housing - Studios mobiliados prontos para locação na região da Paulista.,2100,2021-05-04 19:05:55.7617421,2021-05-04 19:10:43.2929803,Published,0,173,1,-23.5663607,-46.641964,0
"

ola Tenho 1 quarto disponivel, ( não a casa) espaçoso com  banheiro privativo , cama nova , armario novo nunca utilizados, localizado no bairro do Planalto Paulista em rua arborizada e silenciosa com vigia noturno,a 15 min do metro praca da arvore a pe, e acesso a 100 metros de conduçao,ao lado de Moema , proximo ao aeroporto de congonhas e parque do Ibirapuera, situado paralela a av indianopolis. Sem Condominio - Iptu incluso.
quarto: Com cama box de casal , armario , criado mudo e abajur
incluso: agua, luz  Wi Fi
Não possui estacionamento 
Não há necessidade de depósito como garantia 
valor R$1000 mes para 1 pessoa ou R$1800 mes para 2 pessoas
",São Paulo,Aluguel de suíte,1000,2021-05-12 16:08:37.6184792,2021-05-12 16:15:02.8726627,Published,0,155,0,-23.5505199,-46.6333094,0
"🔝👉 A MELHOR E MAIS ACESSÍVEL MORADIA DA REGIÃO DA GÁVEA, LEBLON E JARDIM BOTÂNICO👈🔝

🌟🌟🌟🌟🌟🌟PROMOÇÃO - PROMOÇÃO - PROMOÇÃO 🌟🌟🌟🌟🌟🌟🌟🌟🌟
VAGAS MENSAIS ou TEMPORADA APENAS R$450,00 (Sem taxas adicionais)
21=98404=8631

✅ Quarto com 4 vagas.
✅ Casa totalmente mobiliada.
✅ Cozinha totalmente equipada. 
✅ Chuveiro quente.
✅ Sacada com vista para mata atlântica. 
✅ Sala com sofá confortável. 
✅ Local para guardar bicicleta.
✅ Churrasqueira.
✅ Vista para o Cristo Redentor. 


Uma casa ampla, em uma rua tranquila, com segurança policial, próximo a PUC RJ, IMPA (Instituto de Matemática Pura e Aplicada), Jardim Botânico e Baixo Gávea. Transportes, mercados, shopping, farmácia, feira livre e etc. Ambiente jovem e familiar. Direitos a lavar e cozinhar. Sem taxas adicionais. 21=98404=8631","Rua Major Rubens Vaz - Gávea, Rio de Janeiro - RJ, Brasil",Gávea Republica House,450,2021-06-04 15:40:48.6526938,2021-06-04 15:47:38.4187498,Published,0,231,0,-22.9731099,-43.2276537,0
,Rio-de-Janeiro,,0,2021-06-20 15:01:56.2762927,,Inactive,0,0,0,-22.9068467,-43.1728965,0
,,,0,2021-06-29 12:37:42.1602299,,Inactive,0,0,0,nan,nan,0
"Alugo suíte mobiliada da Ilha do Governador em condomínio fechado R$ 1100,00 + contas (internet, condomínio e luz).
Quarto amplo para 1 ou 2 pessoas, do lado do Hospital Municipal Evandro Freire, local seguro e de acesso fácil a transporte público, mercado, farmácia e shopping. O quarto é um andar inteiro da casa independente. Possibilidade de usar a cozinha do terraço de forma independente. A casa é composta por 4 andares, sendo que moro sozinho.
Quarto (suíte com closet e sala):
https://drive.google.com/file/d/1zU8ArfiJF3LIRiO8Dt7TkxCnlc3nevFZ/view?usp=sharing
https://drive.google.com/file/d/1vKt95PKHoSrNtx3sXJHHdodZ88U5p2if/view?usp=sharing
https://drive.google.com/file/d/1IKLxQXnVJt8zhyuY3IdFPZ-TAZHFHqVx/view?usp=sharing
https://drive.google.com/file/d/1ecILUWdkIUxZ89IdIYe9wFWCRqCBFZP_/view?usp=sharing
Sala de jantar
https://drive.google.com/file/d/1nkff0wJymL80QusdQdjOYSzHb0ixw0l_/view?usp=sharing
Sala
https://drive.google.com/file/d/1KIGq_XgXYYwz8eZahGDzQmnGWqlyLlav/view?usp=sharing
https://drive.google.com/file/d/1npmyLofBjpJ_y6er9ciTG5Kh-lb01P_s/view?usp=sharing
Cozinha térreo
https://drive.google.com/file/d/1U9PIMMaPy20MfukZnkZg09VR_KdBk_ov/view?usp=sharing
https://drive.google.com/file/d/1K9Mvs-KT9u4Ebq3lv85NfGvumf23lvhj/view?usp=sharing
https://drive.google.com/file/d/1BXM2wnXDP0La4KW0O6ek8PFvCrsEYQWt/view?usp=sharing
Terraço
https://drive.google.com/file/d/12uChu4q9iWlQtar5ag256O08sAmR7Roq/view?usp=sharing
https://drive.google.com/file/d/12oPAmJiUDWARPj-TcFBvMkxEmGH_fyjf/view?usp=sharing
Cozinha terraço
https://drive.google.com/file/d/1zCwlww5wFzt4uYaPsscHx7amvTLeTHr_/view?usp=sharing
https://drive.google.com/file/d/1UUt2iyVtI3R5NI2Lw5jgTcOh3rE2zu-4/view?usp=sharing
Lavanderia terraço
https://drive.google.com/file/d/1hThvGYqJCRWVzHmlr8pr9yhDrQL4dLzy/view?usp=sharing
","Estrada do Galeão - Portuguesa, Rio de Janeiro - RJ, Brasil","Quarto (suíte) com sala, closet e banheiro",1100,2021-06-29 13:20:43.0730409,,Inactive,0,0,0,-22.8048614,-43.2063809,0
"Alugo suíte mobiliada da Ilha do Governador em condomínio fechado R$ 1100,00 + contas (internet, condomínio e luz).
Quarto amplo para 1 ou 2 pessoas, do lado do Hospital Municipal Evandro Freire, local seguro e de acesso fácil a transporte público, mercado, farmácia e shopping. O quarto é um andar inteiro da casa independente. Possibilidade de usar a cozinha do terraço de forma independente. A casa é composta por 4 andares, sendo que moro sozinho.
Quarto (suíte com closet e sala):
https://drive.google.com/file/d/1zU8ArfiJF3LIRiO8Dt7TkxCnlc3nevFZ/view?usp=sharing
https://drive.google.com/file/d/1vKt95PKHoSrNtx3sXJHHdodZ88U5p2if/view?usp=sharing
https://drive.google.com/file/d/1IKLxQXnVJt8zhyuY3IdFPZ-TAZHFHqVx/view?usp=sharing
https://drive.google.com/file/d/1ecILUWdkIUxZ89IdIYe9wFWCRqCBFZP_/view?usp=sharing
Sala de jantar
https://drive.google.com/file/d/1nkff0wJymL80QusdQdjOYSzHb0ixw0l_/view?usp=sharing
Sala
https://drive.google.com/file/d/1KIGq_XgXYYwz8eZahGDzQmnGWqlyLlav/view?usp=sharing
https://drive.google.com/file/d/1npmyLofBjpJ_y6er9ciTG5Kh-lb01P_s/view?usp=sharing
Cozinha térreo
https://drive.google.com/file/d/1U9PIMMaPy20MfukZnkZg09VR_KdBk_ov/view?usp=sharing
https://drive.google.com/file/d/1K9Mvs-KT9u4Ebq3lv85NfGvumf23lvhj/view?usp=sharing
https://drive.google.com/file/d/1BXM2wnXDP0La4KW0O6ek8PFvCrsEYQWt/view?usp=sharing
Terraço
https://drive.google.com/file/d/12uChu4q9iWlQtar5ag256O08sAmR7Roq/view?usp=sharing
https://drive.google.com/file/d/12oPAmJiUDWARPj-TcFBvMkxEmGH_fyjf/view?usp=sharing
Cozinha terraço
https://drive.google.com/file/d/1zCwlww5wFzt4uYaPsscHx7amvTLeTHr_/view?usp=sharing
https://drive.google.com/file/d/1UUt2iyVtI3R5NI2Lw5jgTcOh3rE2zu-4/view?usp=sharing
Lavanderia terraço
https://drive.google.com/file/d/1hThvGYqJCRWVzHmlr8pr9yhDrQL4dLzy/view?usp=sharing
","Estrada do Galeão - Galeão, Rio de Janeiro - RJ, Brasil","Quarto (suíte) com sala, closet e banheiro",1100,2021-06-29 13:27:51.0633142,2021-06-29 13:31:14.9130457,Published,0,169,0,-22.8185377,-43.2252866,0
Vaga individual em República Masculina. Ambiente tranquilo e familiar. Apartamento mobiliado e infraestrutura completa para quem procura um lugar para estudo e/ou trabalho.,"Belo Horizonte, MG, Brasil",Vaga individual em República Masculina,600,2021-07-13 22:34:48.0111994,,Inactive,0,0,1,-19.919052,-43.9386685,0
,Rio-de-Janeiro,,0,2021-08-10 18:50:19.2299333,,Inactive,0,0,0,-22.9068467,-43.1728965,0
,,,0,2021-09-13 14:14:40.0043995,,Inactive,0,0,1,nan,nan,0
"Vaga Feminina em quarto compartilhado. Ideal para jovens/universitárias. Local muito bem localizado, próximo ao metrô, comércio, praia e principais pontos turísticos do Rio. Interessadas entrar em contato com: +5521987163720.","Rua São Clemente - Botafogo, Rio de Janeiro - RJ, Brasil",Vaga Feminina,500,2021-10-03 03:12:27.3576849,2021-10-03 03:22:26.7963122,Deleted,0,28,1,-22.9497298,-43.1897674,0
,,,0,2021-10-03 21:10:05.6082980,,Inactive,0,0,0,nan,nan,0
,,,0,2021-10-07 13:17:54.6649274,,Inactive,0,0,0,nan,nan,0
,Rio-de-Janeiro,,0,2021-10-07 13:18:23.0055884,,Inactive,0,0,0,-22.9068467,-43.1728965,0
,,,0,2021-10-08 15:48:32.8495093,,Inactive,0,0,0,nan,nan,0
,,,0,2021-10-08 15:48:33.6678022,,Inactive,0,0,0,nan,nan,0
,Rio-de-Janeiro,,0,2021-10-08 15:48:45.8567107,,Inactive,0,0,0,-22.9068467,-43.1728965,0
,,,0,2021-10-25 04:02:57.1954309,,Inactive,0,0,0,nan,nan,0
,,,0,2021-10-25 04:03:02.2272133,,Inactive,0,0,0,nan,nan,0
"Quarto feminino em Botafogo, próximo ao metrô. Ideal para jovens e/ou universitárias. Mobiliado. No apto moram mais duas moças. Valor: R$ 600,00 (Aluguel mensal) + entre R$ 60,00 e R$ 90,00 (Contas mensais). O quarto possui duas camas, entretanto pode ser alugado individualmente no valor de R$ 1200,00. Não é necessário calção. O prédio conta com portaria 24h e elevador.","Botafogo, Rio de Janeiro - RJ, Brasil",Quarto em Botafogo,600,2021-10-27 10:11:08.1251916,2021-10-27 10:14:38.4905622,Published,0,40,1,-22.9511931,-43.1807842,0
,,,0,2021-11-16 12:08:06.7834110,,Inactive,0,0,1,nan,nan,0
,Rio-de-Janeiro,,0,2021-11-16 14:42:33.0613666,,Inactive,0,2,0,-22.9068467,-43.1728965,0
,,,0,2021-11-25 18:55:08.5770963,,Inactive,0,0,0,nan,nan,0
,,,0,2021-11-25 18:55:08.5606318,,Inactive,0,0,0,nan,nan,0
,,,0,2021-11-25 18:55:09.8877268,,Inactive,0,0,0,nan,nan,0
,,,0,2021-11-25 18:55:09.8938034,,Inactive,0,0,0,nan,nan,0
,,,0,2021-11-25 18:55:10.1478626,,Inactive,0,0,0,nan,nan,0
